accessAgent,encoder,mode_is
%E5%90%8C%E8%8A%B1%E9%A1%BA/10.50.13 CFNetwork/978.0.7 Darwin/18.7.0,0,0
%E5%BE%AE%E4%BF%A1/12718 CFNetwork/974.1 Darwin/18.0.0 (x86_64),1,0
%E6%B9%96%E7%95%94/3.3.1 CFNetwork/893.14.2 Darwin/17.3.0,2,0
%E7%BD%91%E6%98%93%E4%BA%91%E9%9F%B3%E4%B9%90/640 CFNetwork/902.1 Darwin/17.7.0 (x86_64),3,0
%E7%BD%91%E6%98%93%E4%BA%91%E9%9F%B3%E4%B9%90/774 CFNetwork/902.1 Darwin/17.7.0 (x86_64),4,0
%E7%BD%91%E6%98%93%E4%BA%91%E9%9F%B3%E4%B9%90/796 CFNetwork/974.1 Darwin/18.0.0 (x86_64),5,0
%E7%BD%91%E6%98%93%E4%BA%91%E9%9F%B3%E4%B9%90/796 CFNetwork/978.0.7 Darwin/18.5.0 (x86_64),6,0
%E7%BD%91%E6%98%93%E4%BA%91%E9%9F%B3%E4%B9%90/798 CFNetwork/902.5 Darwin/17.7.0 (x86_64),7,0
%E7%BD%91%E6%98%93%E4%BA%91%E9%9F%B3%E4%B9%90/800 CFNetwork/978.0.7 Darwin/18.7.0 (x86_64),8,0
%E7%BD%91%E6%98%93%E4%BA%91%E9%9F%B3%E4%B9%90/814 CFNetwork/978.0.7 Darwin/18.7.0 (x86_64),9,0
%E7%BD%91%E6%98%93%E4%BA%91%E9%9F%B3%E4%B9%90/832 CFNetwork/1120 Darwin/19.0.0 (x86_64),10,0
%E7%BD%91%E6%98%93%E4%BA%91%E9%9F%B3%E4%B9%90/832 CFNetwork/1121.1.2 Darwin/19.3.0 (x86_64),11,0
%E7%BD%91%E6%98%93%E4%BA%91%E9%9F%B3%E4%B9%90/832 CFNetwork/811.11 Darwin/16.7.0 (x86_64),12,0
%E7%BD%91%E6%98%93%E4%BA%91%E9%9F%B3%E4%B9%90/832 CFNetwork/902.5 Darwin/17.7.0 (x86_64),13,0
%E7%BD%91%E6%98%93%E4%BA%91%E9%9F%B3%E4%B9%90/832 CFNetwork/978.1 Darwin/18.7.0 (x86_64),14,0
%E7%BD%91%E6%98%93%E4%BA%91%E9%9F%B3%E4%B9%90/834 CFNetwork/1121.1.2 Darwin/19.2.0 (x86_64),15,0
%E7%BD%91%E6%98%93%E6%9C%89%E9%81%93%E8%AF%8D%E5%85%B8/142 CFNetwork/978.0.7 Darwin/18.5.0 (x86_64),16,0
%E7%BD%91%E6%98%93%E6%9C%89%E9%81%93%E8%AF%8D%E5%85%B8/168 CFNetwork/978.0.7 Darwin/18.6.0 (x86_64),17,0
%E7%BE%8E%E5%9B%A2/46887 CFNetwork/887 Darwin/17.0.0,18,0
%E7%BE%8E%E5%9B%A2/48510 CFNetwork/978.0.7 Darwin/18.7.0,19,0
%E7%BE%8E%E5%9B%A2/50437 CFNetwork/978.0.7 Darwin/18.7.0,20,0
%E8%85%BE%E8%AE%AF%E6%96%B0%E9%97%BB/6.0.10.161 CFNetwork/1121.2.2 Darwin/19.3.0,21,0
%E8%99%BE%E7%B1%B3%E9%9F%B3%E4%B9%90/7056.2 CFNetwork/1121.1.2 Darwin/19.3.0 (x86_64),22,0
%E8%9C%BB%E8%9C%93FM/8.5.5.4 CFNetwork/978.0.7 Darwin/18.6.0,23,0
%E8%BF%85%E9%9B%B7/4280 CFNetwork/1121.1.2 Darwin/19.3.0 (x86_64),24,0
%E9%85%B7%E6%88%91%E9%9F%B3%E4%B9%90/9400 CFNetwork/1121.2.2 Darwin/19.3.0,25,0
%E9%92%89%E9%92%89/262 CFNetwork/760.5.1 Darwin/15.5.0 (x86_64),26,0
%E9%92%89%E9%92%89/290 CFNetwork/978.0.7 Darwin/18.5.0 (x86_64),27,0
%E9%92%89%E9%92%89/492 CFNetwork/760.6.5 Darwin/15.6.0 (x86_64),28,0
%E9%92%89%E9%92%89/666 CFNetwork/760.6.3 Darwin/15.6.0 (x86_64),29,0
%E9%92%89%E9%92%89/711 CFNetwork/978.0.7 Darwin/18.7.0 (x86_64),30,0
%E9%92%89%E9%92%89/750 CFNetwork/978.0.7 Darwin/18.7.0 (x86_64),31,0
() { OpenVAS-VT:; }; echo Content-Type: text/plain; echo; echo; PATH=/usr/bin:/usr/local/bin:/bin; export PATH; id;,32,0
() { _; OpenVAS-VT; } >_[$($())] { echo Content-Type: text/plain; echo; echo; PATH=/usr/bin:/usr/local/bin:/bin; export PATH; id; },33,0
(null)/(null) (Mac OS X Version 10.15.3 (Build 19D76)),34,0
"1.0,win/10.0.18362,av/,,ffl",35,0
10984,36,0
11280,37,0
18264,38,0
18796,39,0
1E19AB6BDD24C3FFB32DC40C02576414	BKL-AL20	com.baidu.input_huawei-8.2.8.80	20191211	1550643201006	10183,40,0
21696,41,0
23188,42,0
2820,43,0
2984,44,0
5780,45,0
5800,46,0
8340,47,0
8808,48,0
9092,49,0
9528,50,0
<script>alert(12345)</script>,51,0
ALP-AL00_9_weibo_10.2.0_android_wifi Lavf/57.41.100,52,0
AMAP_Location_SDK_Android 3.3.0,53,0
AMAP_Location_SDK_Android 3.6.1,54,0
AMAP_Location_SDK_Android 4.6.0,55,0
AMAP_Location_SDK_Android 4.7.1,56,0
AMAP_Location_SDK_Android 4.7.2,57,0
AMAP_SDK_iOS_Loc_2.4.0,58,0
AMAP_SDK_iOS_Location_2.6.0,59,0
Affairs/4.0 CFNetwork/889.9 Darwin/17.2.0,60,0
AiMeiTuan /HUAWEI-10-EML-AL00-1439x720-320-10.7.204-1000070204-DeviceId0-huawei4,61,0
AiMeiTuan /HUAWEI-9-PAR-AL00-2130x1080-480-10.7.204-1000070204-869739044368150-huawei4,62,0
AiMeiTuan /Xiaomi-9-MI 8-2029x1080-440-10.7.202-1000070202-869832040510113-xiaomiyuzhuang2,63,0
AnQuanWeiShi/11.0(Windows),64,0
Android10-AndroidPhone-10026-56-0-Avatar-wifi,65,0
Android10-AndroidPhone-10042-56-0-Avatar-wifi,66,0
Android9-AndroidPhone-10042-56-0-Avatar-wifi,67,0
Android9-OnePlus-OnePlus6(ONEPLUS A6000),68,0
Android9-vivo-PD1831(V1831A),69,0
AndroidSDK_28_HWSPN_9,70,0
Apache-HttpClient/UNAVAILABLE (java 1.4),71,0
Auto Spider 1.0,72,0
BAE176BD942195DC2537D9067B6207C1	vivo X9	com.qiyi.video-11.2.0	20191209	2333000	10116	36e62ee9e2cff163,73,0
Baidu%E8%BE%93%E5%85%A5%E6%B3%95/5.2.0.22 CFNetwork/978.0.7 Darwin/18.7.0 (x86_64),74,0
Baidu%E8%BE%93%E5%85%A5%E6%B3%95/5.3.0.5 CFNetwork/1120 Darwin/19.0.0 (x86_64),75,0
Baidu%E8%BE%93%E5%85%A5%E6%B3%95/5.3.0.5 CFNetwork/1121.1.2 Darwin/19.3.0 (x86_64),76,0
Baidu%E8%BE%93%E5%85%A5%E6%B3%95/5.3.0.5 CFNetwork/760.1.2 Darwin/15.0.0 (x86_64),77,0
Baidu%E8%BE%93%E5%85%A5%E6%B3%95/5.3.0.5 CFNetwork/902.1 Darwin/17.7.0 (x86_64),78,0
Baidu%E8%BE%93%E5%85%A5%E6%B3%95/5.3.0.5 CFNetwork/978.2 Darwin/18.7.0 (x86_64),79,0
C6CB4C121754A70F692F32BFBC5EC8FB,80,0
CEBMobileBank/5.1.23 (iPhone; iOS 13.3; Scale/2.00),81,0
"Chrome Mozilla/5.0 (Windows NT 6.1; WOW64) AppleWebKit/537.21 (KHTML, like Gecko) Chrome/41.0.2228.0 Safari/537.21",82,0
Cube;QTP/1.10.37.2,83,0
Cube_Android_Mobile/16.1.1.62;NetType/wifi;QTP/1.1.37.3,84,0
CurlHttpClient,85,0
Dalvik/1.6.0 (Linux; U; Android 4.2.2; SABRESD-MX6DQ Build/1.1.0-rc3),86,0
Dalvik/1.6.0 (Linux; U; Android 4.4.2; LCD-xxBEL7A Build/KOT49H),87,0
Dalvik/1.6.0 (Linux; U; Android 4.4.2; LCD-xxCAE5A-C Build/KOT49H),88,0
Dalvik/2.1.0 (Linux; U; Android 1.7.2-R-20200113.1514; MS01K Build/LMY47V),89,0
Dalvik/2.1.0 (Linux; U; Android 10; CLT-AL00 Build/HUAWEICLT-AL00),90,0
Dalvik/2.1.0 (Linux; U; Android 10; ELE-AL00 Build/HUAWEIELE-AL00),91,0
Dalvik/2.1.0 (Linux; U; Android 10; EML-AL00 Build/HUAWEIEML-AL00),92,0
Dalvik/2.1.0 (Linux; U; Android 10; GM1910 Build/QKQ1.190716.003),93,0
Dalvik/2.1.0 (Linux; U; Android 10; HMA-AL00 Build/HUAWEIHMA-AL00),94,0
Dalvik/2.1.0 (Linux; U; Android 10; LIO-AL00 Build/HUAWEILIO-AL00),95,0
Dalvik/2.1.0 (Linux; U; Android 10; LIO-AN00 Build/HUAWEILIO-AN00),96,0
Dalvik/2.1.0 (Linux; U; Android 10; LIO-AN00 Build/HUAWEILIO-AN00) imgotv-aphone-6.5.10,97,0
Dalvik/2.1.0 (Linux; U; Android 10; LYA-AL00 Build/HUAWEILYA-AL00),98,0
Dalvik/2.1.0 (Linux; U; Android 10; LYA-AL00 Build/HUAWEILYA-AL00L),99,0
Dalvik/2.1.0 (Linux; U; Android 10; LYA-AL10 Build/HUAWEILYA-AL10),100,0
Dalvik/2.1.0 (Linux; U; Android 10; MI 9 MIUI/20.1.21),101,0
Dalvik/2.1.0 (Linux; U; Android 10; MI 9 MIUI/V11.0.5.0.QFACNXM),102,0
Dalvik/2.1.0 (Linux; U; Android 10; MI 9 Transparent Edition MIUI/V11.0.5.0.QFACNXM),103,0
Dalvik/2.1.0 (Linux; U; Android 10; MI 9 Transparent Edition MIUI/V11.0.5.0.QFACNXM) automobile/4.8.4 cronet/TTNetVersion:4df3ca9d 2019-11-25,104,0
Dalvik/2.1.0 (Linux; U; Android 10; Mi 10 MIUI/V11.0.5.0.QJBCNXM),105,0
Dalvik/2.1.0 (Linux; U; Android 10; Mi 10 MIUI/V11.0.7.0.QJBCNXM),106,0
Dalvik/2.1.0 (Linux; U; Android 10; ONEPLUS A6000 Build/QKQ1.190716.003),107,0
Dalvik/2.1.0 (Linux; U; Android 10; OXF-AN00 Build/HUAWEIOXF-AN00),108,0
Dalvik/2.1.0 (Linux; U; Android 10; PCT-AL10 Build/HUAWEIPCT-AL10),109,0
Dalvik/2.1.0 (Linux; U; Android 10; Redmi K20 Pro MIUI/V11.0.5.0.QFKCNXM),110,0
Dalvik/2.1.0 (Linux; U; Android 10; Redmi K20 Pro Premium Edition MIUI/V11.0.5.0.QFKCNXM),111,0
Dalvik/2.1.0 (Linux; U; Android 10; Redmi K30 MIUI/V11.0.9.0.QGHCNXM),112,0
Dalvik/2.1.0 (Linux; U; Android 10; SEA-AL10 Build/HUAWEISEA-AL10),113,0
Dalvik/2.1.0 (Linux; U; Android 10; SM-G9650 Build/QP1A.190711.020),114,0
Dalvik/2.1.0 (Linux; U; Android 10; TAS-AN00 Build/HUAWEITAS-AN00),115,0
Dalvik/2.1.0 (Linux; U; Android 10; TNY-AL00 Build/HUAWEITNY-AL00),116,0
Dalvik/2.1.0 (Linux; U; Android 10; VOG-AL00 Build/HUAWEIVOG-AL00),117,0
Dalvik/2.1.0 (Linux; U; Android 10; VOG-AL10 Build/HUAWEIVOG-AL10),118,0
Dalvik/2.1.0 (Linux; U; Android 10; YAL-AL00 Build/HUAWEIYAL-AL00),119,0
Dalvik/2.1.0 (Linux; U; Android 5.1; CK3-01 Build/LMY47D) VideoArticle/8.1.2 cronet/TTNetVersion:4df3ca9d 2019-11-25,120,0
Dalvik/2.1.0 (Linux; U; Android 6.0.1; Nexus 6P Build/MMB29M),121,0
Dalvik/2.1.0 (Linux; U; Android 6.0; CAM-AL00 Build/HONORCAM-AL00),122,0
Dalvik/2.1.0 (Linux; U; Android 7.0; HUAWEI CAZ-AL10 Build/HUAWEICAZ-AL10),123,0
Dalvik/2.1.0 (Linux; U; Android 7.1.2; vivo X9 Build/N2G47H),124,0
Dalvik/2.1.0 (Linux; U; Android 7.1.2; vivo X9Plus Build/N2G47H),125,0
Dalvik/2.1.0 (Linux; U; Android 8.0.0; BRAVIA 4K GB ATV3 Build/OPR2.170623.027.S28),126,0
Dalvik/2.1.0 (Linux; U; Android 8.0.0; VTR-AL00 Build/HUAWEIVTR-AL00),127,0
Dalvik/2.1.0 (Linux; U; Android 8.0.0; ZUK Z2131 Build/OPR1.170623.032),128,0
Dalvik/2.1.0 (Linux; U; Android 8.1.0; 16th Build/OPM1.171019.026),129,0
Dalvik/2.1.0 (Linux; U; Android 8.1.0; DUB-AL00a Build/HUAWEIDUB-AL00a),130,0
Dalvik/2.1.0 (Linux; U; Android 8.1.0; Nexus 6P Build/OPM3.171019.016),131,0
Dalvik/2.1.0 (Linux; U; Android 8.1.0; SM-N9600 Build/M1AJQ),132,0
Dalvik/2.1.0 (Linux; U; Android 8.1.0; vivo X21A Build/OPM1.171019.011),133,0
Dalvik/2.1.0 (Linux; U; Android 9; ALP-AL00 Build/HUAWEIALP-AL00),134,0
Dalvik/2.1.0 (Linux; U; Android 9; ART-AL00x Build/HUAWEIART-AL00x),135,0
Dalvik/2.1.0 (Linux; U; Android 9; BKL-AL00 Build/HUAWEIBKL-AL00),136,0
Dalvik/2.1.0 (Linux; U; Android 9; BND-AL10 Build/HONORBND-AL10),137,0
Dalvik/2.1.0 (Linux; U; Android 9; CLT-AL01 Build/HUAWEICLT-AL01),138,0
Dalvik/2.1.0 (Linux; U; Android 9; COR-AL10 Build/HUAWEICOR-AL10),139,0
Dalvik/2.1.0 (Linux; U; Android 9; DT1901A Build/PKQ1.190727.001),140,0
Dalvik/2.1.0 (Linux; U; Android 9; EML-AL00 Build/HUAWEIEML-AL00),141,0
Dalvik/2.1.0 (Linux; U; Android 9; HLK-AL00 Build/HONORHLK-AL00),142,0
Dalvik/2.1.0 (Linux; U; Android 9; JSN-AL00 Build/HONORJSN-AL00),143,0
Dalvik/2.1.0 (Linux; U; Android 9; MHA-AL00 Build/HUAWEIMHA-AL00),144,0
Dalvik/2.1.0 (Linux; U; Android 9; MI 8 MIUI/V11.0.4.0.PEACNXM),145,0
Dalvik/2.1.0 (Linux; U; Android 9; MI 8 UD MIUI/V10.3.5.0.PECCNXM),146,0
Dalvik/2.1.0 (Linux; U; Android 9; MI 9 MIUI/V10.2.33.0.PFACNXM) imgotv-aphone-6.5.11,147,0
Dalvik/2.1.0 (Linux; U; Android 9; MI CC 9 MIUI/V11.3.2.0.PFCCNXM),148,0
Dalvik/2.1.0 (Linux; U; Android 9; ONEPLUS A5010 Build/PKQ1.180716.001),149,0
Dalvik/2.1.0 (Linux; U; Android 9; ONEPLUS A6000 Build/PKQ1.180716.001),150,0
Dalvik/2.1.0 (Linux; U; Android 9; ONEPLUS A6010 Build/PKQ1.180716.001),151,0
Dalvik/2.1.0 (Linux; U; Android 9; PACM00 Build/PPR1.180610.011),152,0
Dalvik/2.1.0 (Linux; U; Android 9; PAR-AL00 Build/HUAWEIPAR-AL00),153,0
Dalvik/2.1.0 (Linux; U; Android 9; PCAM00 Build/PKQ1.190519.001),154,0
Dalvik/2.1.0 (Linux; U; Android 9; RVL-AL09 Build/HUAWEIRVL-AL09),155,0
Dalvik/2.1.0 (Linux; U; Android 9; Redmi Note 7 Pro MIUI/V11.0.4.0.PFHCNXM),156,0
Dalvik/2.1.0 (Linux; U; Android 9; Redmi Note 8 Pro MIUI/V10.4.9.0.PGGCNXM),157,0
Dalvik/2.1.0 (Linux; U; Android 9; SEA-AL10 Build/HUAWEISEA-AL1001),158,0
Dalvik/2.1.0 (Linux; U; Android 9; SEA-AL10 Build/HUAWEISEA-AL1001) imgotv-aphone-6.5.11,159,0
Dalvik/2.1.0 (Linux; U; Android 9; SKR-A0 Build/G66X1910220CN00MPP),160,0
Dalvik/2.1.0 (Linux; U; Android 9; SM-G8870 Build/PPR1.180610.011),161,0
Dalvik/2.1.0 (Linux; U; Android 9; SM-G9600 Build/PPR1.180610.011),162,0
Dalvik/2.1.0 (Linux; U; Android 9; SM-G9650 Build/PPR1.180610.011),163,0
Dalvik/2.1.0 (Linux; U; Android 9; TNY-AL00 Build/HUAWEITNY-AL00),164,0
Dalvik/2.1.0 (Linux; U; Android 9; V1831A Build/P00610),165,0
Dalvik/2.1.0 (Linux; U; Android 9; V1914A Build/PKQ1.181016.001),166,0
Dalvik/2.1.0 (Linux; U; Android 9; V1938CT Build/PPR1.180610.011),167,0
Dalvik/2.1.0 (Linux; U; Android 9; VCE-TL00 Build/HUAWEIVCE-TL00),168,0
Dalvik/2.1.0 (Linux; U; Android 9; VTR-AL00 Build/HUAWEIVTR-AL00),169,0
"Darwin/16.6.0, UPnP/1.0, Portable SDK for UPnP devices/1.6.19",170,0
Dash/790 CFNetwork/1121.1.2 Darwin/19.3.0 (x86_64),171,0
"Foxmail 7, 2, 8, 392[cn]",172,0
Foxmail 7.2.13.365[cn],173,0
Foxmail 7.2.14.410[cn],174,0
GDTADNetClient-[Dalvik/2.1.0 (Linux; U; Android 10; LIO-AN00 Build/HUAWEILIO-AN00)],175,0
GDTADNetClient-[Dalvik/2.1.0 (Linux; U; Android 10; Redmi K20 Pro MIUI/V11.0.5.0.QFKCNXM)],176,0
GDTADNetClient-[Dalvik/2.1.0 (Linux; U; Android 7.0; HUAWEI CAZ-AL10 Build/HUAWEICAZ-AL10)],177,0
GDTADNetClient-[Dalvik/2.1.0 (Linux; U; Android 9; ALP-AL00 Build/HUAWEIALP-AL00)],178,0
GDTADNetClient-[Dalvik/2.1.0 (Linux; U; Android 9; SM-G9650 Build/PPR1.180610.011)],179,0
Go-http-client/1.1,180,0
Google Update/1.3.35.442;winhttp;cup-ecdsa,181,0
HCDNClient_ANDROID_MOBILE;OFFLINE;libcurl/7.56.1.18 BoringSSL zlib/1.2.11 nghttp2/1.24.0;QK/10.1.2.196;NetType/wifi;MSS;QTP/1.1.37.3,182,0
HCDNClient_ANDROID_MOBILE;OFFLINE;libcurl/7.56.1.18 BoringSSL zlib/1.2.11 nghttp2/1.24.0;QK/10.1.2.196;NetType/wifi;MSS_TTFB;QTP/1.1.37.3,183,0
HCDNClient_ANDROID_MOBILE;OFFLINE;libcurl/7.56.1.18 BoringSSL zlib/1.2.11 nghttp2/1.24.0;QK/10.1.2.196;NetType/wifi;QTP/1.1.37.3,184,0
HCDNClient_ANDROID_MOBILE;PRELOAD;libcurl/7.56.1.18 BoringSSL zlib/1.2.11 nghttp2/1.24.0;QK/10.1.2.189;NetType/wifi;QTP/1.1.37.3,185,0
HCDNClient_ANDROID_MOBILE;PRELOAD;libcurl/7.56.1.18 BoringSSL zlib/1.2.11 nghttp2/1.24.0;QK/10.1.2.198;NetType/wifi;QTP/1.1.37.3,186,0
HCDNClient_ANDROID_MOBILE;libcurl/7.56.1.18 BoringSSL zlib/1.2.11 nghttp2/1.24.0;QK/10.1.2.161;NetType/wifi;MSS_TTFB;QTP/1.1.17.4,187,0
HCDNClient_ANDROID_MOBILE;libcurl/7.56.1.18 BoringSSL zlib/1.2.11 nghttp2/1.24.0;QK/10.1.2.161;NetType/wifi;QTP/1.1.17.4,188,0
HCDNClient_ANDROID_MOBILE;libcurl/7.56.1.18 BoringSSL zlib/1.2.11 nghttp2/1.24.0;QK/10.1.2.189;NetType/wifi;MSS;QTP/1.1.37.3,189,0
HCDNClient_ANDROID_MOBILE;libcurl/7.56.1.18 BoringSSL zlib/1.2.11 nghttp2/1.24.0;QK/10.1.2.189;NetType/wifi;MSS_TTFB;QTP/1.1.37.3,190,0
HCDNClient_ANDROID_MOBILE;libcurl/7.56.1.18 BoringSSL zlib/1.2.11 nghttp2/1.24.0;QK/10.1.2.189;NetType/wifi;QTP/1.1.37.3,191,0
HCDNClient_ANDROID_MOBILE;libcurl/7.56.1.18 BoringSSL zlib/1.2.11 nghttp2/1.24.0;QK/10.1.2.196;NetType/wifi;MSS_TTFB;QTP/1.1.37.3,192,0
HCDNClient_IOS;PRELOAD;libcurl/7.56.1.18 SecureTransport zlib/1.2.11;QK/10.10.8.154;NetType/wifi;MSS;QTP/1.10.37.2,193,0
HCDNClient_IOS;PRELOAD;libcurl/7.56.1.18 SecureTransport zlib/1.2.11;QK/10.10.8.154;NetType/wifi;QTP/1.10.37.2,194,0
HCDNClient_IOS;PRELOAD;libcurl/7.56.1.18 SecureTransport zlib/1.2.11;QK/10.10.8.155;NetType/wifi;QTP/1.10.37.2,195,0
HCDNClient_IOS;libcurl/7.56.1.12 SecureTransport zlib/1.2.11;QK/10.20.8.13;NetType/unknown;QTP/1.20.12.16,196,0
HCDNClient_IOS;libcurl/7.56.1.18 SecureTransport zlib/1.2.11;QK/10.10.8.154;NetType/wifi;MSS;QTP/1.10.37.2,197,0
HCDNClient_IOS;libcurl/7.56.1.18 SecureTransport zlib/1.2.11;QK/10.10.8.154;NetType/wifi;MSS_TTFB;QTP/1.10.37.2,198,0
HCDNClient_IOS;libcurl/7.56.1.18 SecureTransport zlib/1.2.11;QK/10.10.8.154;NetType/wifi;QTP/1.10.37.2,199,0
HCDNClient_IOS;libcurl/7.56.1.18 SecureTransport zlib/1.2.11;QK/10.10.8.155;NetType/wifi;QTP/1.10.37.2,200,0
HCDNClient_WINPC;PREDEPLOY;libcurl/7.56.1.16 OpenSSL/1.1.1b zlib/1.2.11 nghttp2/1.24.0;QK/15.0.1.699;NetType/;MSS_TTFB;QTP/1.0.15.5,201,0
HCDNClient_WINPC;PREDEPLOY;libcurl/7.56.1.16 OpenSSL/1.1.1b zlib/1.2.11 nghttp2/1.24.0;QK/15.0.1.699;NetType/;QTP/1.0.15.5,202,0
HCDNClient_WINPC;PREDEPLOY;libcurl/7.56.1.18 OpenSSL/1.1.1b zlib/1.2.11 nghttp2/1.24.0;QK/15.0.1.714;NetType/;MSS_TTFB;QTP/1.0.32.1,203,0
HeAnimal,204,0
HttpPoster2,205,0
IPhone-10035-IPhone-10035-cscc,206,0
IPhone-10042-AdBannerInfo,207,0
IPhone-10042-AsyncImage,208,0
IPhone-10042-getSpecialAD,209,0
IQooAppstore,210,0
Installer Doctor/1.0 (Windows),211,0
Java/1.8.0_221,212,0
KWPlayer/9.4.0 (iPhone; iOS 13.3.1; Scale/2.00),213,0
KssRC4/1.0 com.miui.gallery/2.2.15.11 S3SDK/0.9.0a,214,0
KssRC4/1.0 com.miui.gallery/2.2.15.6 S3SDK/0.9.0a,215,0
KuGou2012-8395-TransferSession,216,0
KuGou2012-9106-CarrierPigeonProtocol,217,0
"Linux/4.14.116, UPnP/1.0, Portable SDK for UPnP devices/1.6.20",218,0
"Linux/4.9.112-perf-g526fc33, UPnP/1.0, Portable SDK for UPnP devices/1.6.20",219,0
LogStatistic,220,0
MGMobileMusic/6.9.5 (iPhone; iOS 13.3; Scale/2.00),221,0
MGTV-iPhone-appstore/6.5.5 (iPhone; iOS 13.3.1; Scale/2.00),222,0
MGTV-iPhone-appstore/6.5.5 (iPhone; iOS 13.3.1; Scale/3.00),223,0
MICROSOFT_DEVICE_METADATA_RETRIEVAL_CLIENT,224,0
MQQBrowser,225,0
MTOPSDK%2F3.1.1.7+%28Android%3B10%3BHUAWEI%3BPCT-AL10%29,226,0
MicroMessenger Client,227,0
Microsoft Internet Explorer,228,0
Microsoft-ATL-Native/8.00,229,0
MojiWeather/8.1.4 (iPhone; iOS 13.3.1; Scale/2.00),230,0
MovieFilmExtension/9.4.1.010601 CFNetwork/1121.2.2 Darwin/19.3.0,231,0
Mozilla/4.0,232,0
Mozilla/4.0 (compatible; MSIE 5.00; Windows 98),233,0
Mozilla/4.0 (compatible; MSIE 6.0; DynGate),234,0
Mozilla/4.0 (compatible; MSIE 6.0; Windows NT 5.1),235,0
Mozilla/4.0 (compatible; MSIE 6.0; Windows NT 5.1; SV1),236,0
Mozilla/4.0 (compatible; MSIE 7.0; Windows NT 10.0) QQBrowser/6.0,237,0
Mozilla/4.0 (compatible; MSIE 7.0; Windows NT 10.0; WOW64; Trident/7.0; .NET4.0C; .NET4.0E; .NET CLR 2.0.50727; .NET CLR 3.0.30729; .NET CLR 3.5.30729; Tablet PC 2.0),238,0
"Mozilla/4.0 (compatible; MSIE 7.0; Windows NT 10.0; WOW64; Trident/7.0; .NET4.0C; .NET4.0E; InfoPath.3) Foxit Browser ( Foxit Reader/8.0.0.0803, en-US; ContentSyndication/1.0.9.428 )",239,0
Mozilla/4.0 (compatible; MSIE 7.0; Windows NT 10.0; WOW64; Trident/7.0; .NET4.0C; .NET4.0E; InfoPath.3; .NET CLR 2.0.50727; .NET CLR 3.0.30729; .NET CLR 3.5.30729),240,0
Mozilla/4.0 (compatible; MSIE 7.0; Windows NT 10.0; Win64; x64; Trident/7.0; .NET4.0C; .NET4.0E),241,0
Mozilla/4.0 (compatible; MSIE 7.0; Windows NT 10.0; Win64; x64; Trident/7.0; .NET4.0C; .NET4.0E; .NET CLR 2.0.50727; .NET CLR 3.0.30729; .NET CLR 3.5.30729),242,0
Mozilla/4.0 (compatible; MSIE 7.0; Windows NT 10.0; Win64; x64; Trident/7.0; .NET4.0C; .NET4.0E; .NET CLR 2.0.50727; .NET CLR 3.0.30729; .NET CLR 3.5.30729; Tablet PC 2.0),243,0
Mozilla/4.0 (compatible; MSIE 7.0; Windows NT 10.0; Win64; x64; Trident/7.0; .NET4.0C; .NET4.0E; Tablet PC 2.0),244,0
Mozilla/4.0 (compatible; MSIE 7.0; Windows NT 10.0; Win64; x64; Trident/7.0; .NET4.0C; .NET4.0E; Tablet PC 2.0; HCTE),245,0
Mozilla/4.0 (compatible; MSIE 7.0; Windows NT 10.0; Win64; x64; Trident/7.0; .NET4.0C; .NET4.0E; Tablet PC 2.0; Zoom 9.9.0),246,0
Mozilla/4.0 (compatible; MSIE 7.0; Windows NT 10.0; Win64; x64; Trident/7.0; .NET4.0C; .NET4.0E; Zoom 9.9.0; Zoom 3.6.0),247,0
Mozilla/4.0 (compatible; MSIE 7.0; Windows NT 5.1) QQBrowser/6.0,248,0
Mozilla/4.0 (compatible; MSIE 7.0; Windows NT 5.1; .NET CLR 2.0.50727),249,0
Mozilla/4.0 (compatible; MSIE 7.0; Windows NT 6.1) QQBrowser/6.0,250,0
Mozilla/4.0 (compatible; MSIE 7.0; Windows NT 6.1; Trident/5.0; SLCC2; .NET CLR 2.0.50727; .NET CLR 3.5.30729; .NET CLR 3.0.30729; Media Center PC 6.0; 360SoftMgr),251,0
Mozilla/4.0 (compatible; MSIE 7.0; Windows NT 6.1; WOW64; Trident/5.0; SLCC2; .NET CLR 2.0.50727; .NET CLR 3.5.30729; .NET CLR 3.0.30729; .NET4.0C; .NET4.0E),252,0
Mozilla/4.0 (compatible; MSIE 7.0; Windows NT 6.1; WOW64; Trident/7.0; SLCC2; .NET CLR 2.0.50727; .NET CLR 3.5.30729; .NET CLR 3.0.30729; Media Center PC 6.0; .NET4.0C; .NET4.0E; 360SoftMgr),253,0
Mozilla/4.0 (compatible; MSIE 7.0; Windows NT 6.1; WOW64; Trident/7.0; SLCC2; .NET CLR 2.0.50727; .NET CLR 3.5.30729; .NET CLR 3.0.30729; Media Center PC 6.0; InfoPath.3; .NET4.0C; .NET4.0E),254,0
Mozilla/4.0 (compatible; MSIE 7.0; Windows NT 6.1; Win64; x64; Trident/7.0; .NET CLR 2.0.50727; SLCC2; .NET CLR 3.5.30729; .NET CLR 3.0.30729; .NET4.0C; .NET4.0E; Zoom 3.6.0),255,0
Mozilla/4.0 (compatible; MSIE 7.0; Windows NT 6.2; WOW64; Trident/7.0; .NET4.0C; .NET4.0E),256,0
Mozilla/4.0 (compatible; MSIE 7.0; Windows NT 6.2; WOW64; Trident/7.0; .NET4.0C; .NET4.0E; .NET CLR 2.0.50727; .NET CLR 3.0.30729; .NET CLR 3.5.30729),257,0
Mozilla/4.0 (compatible; MSIE 7.0; Windows NT 6.2; WOW64; Trident/7.0; .NET4.0C; .NET4.0E; .NET CLR 2.0.50727; .NET CLR 3.0.30729; .NET CLR 3.5.30729; Tablet PC 2.0; InfoPath.3),258,0
Mozilla/4.0 (compatible; MSIE 7.0; Windows NT 6.2; WOW64; Trident/7.0; .NET4.0C; .NET4.0E; 360SoftMgr),259,0
Mozilla/4.0 (compatible; MSIE 7.0; Windows NT 6.3; Win64; x64; Trident/7.0; .NET4.0C; .NET4.0E; .NET CLR 2.0.50727; .NET CLR 3.0.30729; .NET CLR 3.5.30729; InfoPath.3),260,0
Mozilla/4.0 (compatible; MSIE 8.0; Windows NT 5.1; Trident/4.0),261,0
Mozilla/4.0 (compatible; MSIE 8.0; Windows NT 6.1; Trident/4.0),262,0
"Mozilla/4.0 (compatible; MSIE 8.0; Windows NT 6.1; Trident/4.0; Qisu);QTP/1.0.18.3, AsyncHttp",263,0
Mozilla/4.0 (compatible; MSIE 8.0; Windows NT 6.1; Trident/4.0; SLCC2; .NET CLR 2.0.50727; .NET CLR 3.5.30729; .NET CLR 3.0.30729; .NET4.0C; .NET4.0E),264,0
Mozilla/4.0 (compatible; MSIE 8.0; Windows NT 6.1; Trident/4.0; SLCC2; .NET CLR 2.0.50727; .NET CLR 3.5.30729; .NET CLR 3.0.30729; Media Center PC 6.0; CIBA; Alexa Toolbar; Zune 4.7),265,0
Mozilla/4.0 (compatible; MSIE 8.0; Windows NT 6.1; WOW64; Trident/4.0; SLCC2; .NET CLR 2.0.50727; .NET CLR 3.5.30729; .NET CLR 3.0.30729; Media Center PC 6.0; .NET4.0C; .NET4.0E),266,0
Mozilla/4.0 (compatible; MSIE 8.0; Windows NT 6.1; WOW64; Trident/4.0; SLCC2; .NET CLR 2.0.50727; .NET CLR 3.5.30729; .NET CLR 3.0.30729; Media Center PC 6.0; .NET4.0C; .NET4.0E; InfoPath.2),267,0
Mozilla/4.0 (compatible; MSIE 8.0; Windows NT 6.1; WOW64; Trident/4.0; SLCC2; .NET CLR 2.0.50727; .NET CLR 3.5.30729; .NET CLR 3.0.30729; Media Center PC 6.0; .NET4.0C; .NET4.0E; InfoPath.3),268,0
Mozilla/4.0 (compatible; MSIE 8.0; Windows NT 6.1; WOW64; Trident/4.0; qdesk 2.4.1246.202; SLCC2; .NET CLR 2.0.50727; .NET CLR 3.5.30729; .NET CLR 3.0.30729; Media Center PC 6.0; InfoPath.3; .NET4.0C; .NET4.0E),269,0
Mozilla/4.0 (compatible; MSIE 8.0; Windows NT 6.1; WOW64; Trident/4.0; qdesk 2.4.1246.202; SLCC2; .NET CLR 2.0.50727; .NET CLR 3.5.30729; .NET CLR 3.0.30729; Media Center PC 6.0; InfoPath.3; .NET4.0C; .NET4.0E) BIDUPlayer/0.0.0.0 BIDUTN/0,270,0
"Mozilla/5.0 (Linux; Android 10; LIO-AL00 Build/HUAWEILIO-AL00; wv) AppleWebKit/537.36 (KHTML, like Gecko) Version/4.0 Chrome/70.0.3538.64 Mobile Safari/537.36",271,0
"Mozilla/5.0 (Linux; Android 10; LIO-AN00 Build/HUAWEILIO-AN00; wv) AppleWebKit/537.36 (KHTML, like Gecko) Version/4.0 Chrome/70.0.3538.64 Mobile Safari/537.36 ImgoTV-aphone/6.5.10.200218",272,0
"Mozilla/5.0 (Linux; Android 10; LIO-AN00 Build/HUAWEILIO-AN00; wv) AppleWebKit/537.36 (KHTML, like Gecko) Version/4.0 Chrome/70.0.3538.64 Mobile Safari/537.36 NewsApp/64.3 netease_news_android",273,0
"Mozilla/5.0 (Linux; Android 10; LYA-AL00 Build/HUAWEILYA-AL00; wv) AppleWebKit/537.36 (KHTML, like Gecko) Version/4.0 Chrome/67.0.3396.87 XWEB/1169 MMWEBSDK/191201 Mobile Safari/537.36 MMWEBID/1767 MicroMessenger/7.0.10.1580(0x27000AFF) Process/tools NetType/WIFI Language/zh_CN ABI/arm64",274,0
"Mozilla/5.0 (Linux; Android 10; LYA-AL00 Build/HUAWEILYA-AL00; wv) AppleWebKit/537.36 (KHTML, like Gecko) Version/4.0 Chrome/74.0.3729.186 Mobile Safari/537.36",275,0
"Mozilla/5.0 (Linux; Android 10; MI 9 Transparent Edition Build/QKQ1.190825.002; wv) AppleWebKit/537.36 (KHTML, like Gecko) Version/4.0 Chrome/67.0.3396.87 XWEB/1169 MMWEBSDK/191201 Mobile Safari/537.36 MMWEBID/7738 MicroMessenger/7.0.11.1600(0x27000B33) Process/tools NetType/WIFI Language/zh_CN ABI/arm64",276,0
"Mozilla/5.0 (Linux; Android 10; Mi 10 Build/QKQ1.191117.002; wv) AppleWebKit/537.36 (KHTML, like Gecko) Version/4.0 Chrome/78.0.3904.96 Mobile Safari/537.36 tieba/11.1.8.2",277,0
"Mozilla/5.0 (Linux; Android 10; Redmi K20 Pro Premium Edition Build/QKQ1.190825.002; wv) AppleWebKit/537.36 (KHTML, like Gecko) Version/4.0 Chrome/77.0.3865.92 Mobile Safari/537.36",278,0
Mozilla/5.0 (Linux; Android 4.0.4),279,0
"Mozilla/5.0 (Linux; Android 4.4.2; Nexus 5 Build/KOT49H) AppleWebKit/537.36 (KHTML, like Gecko) Version/4.0 Chrome/30.0.0.0 Mobile Safari/537.36",280,0
"Mozilla/5.0 (Linux; Android 6.0.1; MuMu Build/V417IR; wv) AppleWebKit/537.36 (KHTML, like Gecko) Version/4.0 Chrome/52.0.2743.100 Mobile Safari/537.36 AliApp(DingTalk/4.5.15) com.alibaba.android.rimet/10573338 Channel/10005121 language/zh-CN",281,1
"Mozilla/5.0 (Linux; Android 8.1.0; DUB-AL00a Build/HUAWEIDUB-AL00a; wv) AppleWebKit/537.36 (KHTML, like Gecko) Version/4.0 Chrome/70.0.3538.110 Mobile Safari/537.36 qukan qapp_android qapp_version_30965000",282,0
"Mozilla/5.0 (Linux; Android 8.1.0; MI PLAY Build/O11019; wv) AppleWebKit/537.36 (KHTML, like Gecko) Version/4.0 Chrome/66.0.3359.126 MQQBrowser/6.2 TBS/045035 Mobile Safari/537.36 MMWEBID/2272 MicroMessenger/7.0.10.1580(0x27000AFD) Process/tools NetType/WIFI Language/zh_CN ABI/arm64",283,0
"Mozilla/5.0 (Linux; Android 9; EML-AL00 Build/HUAWEIEML-AL00) AppleWebKit/537.36 (KHTML, like Gecko) Version/4.0 Mobile Safari/537.36",284,0
"Mozilla/5.0 (Linux; Android 9; EML-AL00 Build/HUAWEIEML-AL00; wv) AppleWebKit/537.36 (KHTML, like Gecko) Version/4.0 Chrome/66.0.3359.126 MQQBrowser/6.2 TBS/045118 Mobile Safari/537.36 MMWEBID/8376 MicroMessenger/7.0.6.1500(0x2700063E) Process/tools NetType/WIFI Language/zh_CN",285,0
"Mozilla/5.0 (Linux; Android 9; MI 9 Build/PKQ1.181121.001; wv) AppleWebKit/537.36 (KHTML, like Gecko) Version/4.0 Chrome/62.0.3202.84 Mobile Safari/537.36  kanqiu/7.3.35.11865/7573 isp/-1 network/-1  TTWebView/0621110013026",286,0
"Mozilla/5.0 (Linux; Android 9; MI 9 Build/PKQ1.181121.001; wv) AppleWebKit/537.36 (KHTML, like Gecko) Version/4.0 Chrome/62.0.3202.84 Mobile Safari/537.36  kanqiu/7.3.35.11865/7573 isp/13 network/13  TTWebView/0621110013026",287,0
"Mozilla/5.0 (Linux; Android 9; MI CC9 Pro Build/PKQ1.190302.001; wv) AppleWebKit/537.36 (KHTML, like Gecko) Version/4.0 Chrome/78.0.3904.96 Mobile Safari/537.36{ smzdm_android_V9.6.15 rv:615 (MI CC9 Pro;Android9;zh) jsbv_1.0.0 webv_2.0 smzdmapp }",288,0
"Mozilla/5.0 (Linux; Android 9; Mi A3 Build/PKQ1.190416.001; wv) AppleWebKit/537.36 (KHTML, like Gecko) Version/4.0 Chrome/62.0.3202.84 Mobile Safari/537.36  kanqiu/7.3.35.11865/7573 isp/-1 network/-1  TTWebView/0621110013026",289,0
"Mozilla/5.0 (Linux; Android 9; PCT-AL10 Build/HUAWEIPCT-AL10; wv) AppleWebKit/537.36 (KHTML, like Gecko) Version/4.0 Chrome/72.0.3626.121 Mobile Safari/537.36",290,0
"Mozilla/5.0 (Linux; Android 9; SEA-AL10 Build/HUAWEISEA-AL1001; wv) AppleWebKit/537.36 (KHTML, like Gecko) Version/4.0 Chrome/70.0.3538.64 Mobile Safari/537.36",291,0
"Mozilla/5.0 (Linux; Android 9; V1824A Build/PKQ1.181216.001; wv) AppleWebKit/537.36 (KHTML, like Gecko) Version/4.0 Chrome/68.0.3440.91 Mobile Safari/537.36",292,0
"Mozilla/5.0 (Linux; Android 9; V1824A Build/PKQ1.181216.001; wv) AppleWebKit/537.36 (KHTML, like Gecko) Version/4.0 Chrome/80.0.3987.99 Mobile Safari/537.36",293,0
"Mozilla/5.0 (Linux; Android 9; V1938CT Build/PPR1.180610.011; wv) AppleWebKit/537.36 (KHTML, like Gecko) Chrome/62.0.3202.84 Mobile Safari/537.36 VivoBrowser/7.1.10.0",294,0
"Mozilla/5.0 (Linux; U; Android 10; zh-CN; LYA-AL00 Build/HUAWEILYA-AL00L) AppleWebKit/537.36 (KHTML, like Gecko) Version/4.0 Chrome/69.0.3497.100 UWS/3.21.0.95 Mobile Safari/537.36 UCBS/3.21.0.95_200218182800 ChannelId(0) NebulaSDK/1.8.100112 Nebula AlipayDefined(nt:WIFI,ws:424|0|2.55) AliApp(AP/10.1.87.7000) AlipayClient/10.1.87.7000 Language/zh-Hans useStatusBar/true isConcaveScreen/true Region/CN NebulaX/1.0.0 Ariver/1.0.0-SNAPSHOT",295,0
"Mozilla/5.0 (Linux; U; Android 10; zh-CN; Redmi K20 Pro Premium Edition Build/QKQ1.190825.002) AppleWebKit/537.36 (KHTML, like Gecko) Version/4.0 Chrome/57.0.2987.108 UCBrowser/12.8.5.1065 Mobile Safari/537.36",296,0
"Mozilla/5.0 (Linux; U; Android 10; zh-cn; Mi 10 Build/QKQ1.191117.002) AppleWebKit/537.36 (KHTML, like Gecko) Version/4.0 Chrome/71.0.3578.141 Mobile Safari/537.36 XiaoMi/MiuiBrowser/11.4.17",297,0
"Mozilla/5.0 (Linux; U; Android 10; zh-cn; PCT-AL10 Build/HUAWEIPCT-AL10) AppleWebKit/533.1 (KHTML, like Gecko) Mobile Safari/533.1",298,0
"Mozilla/5.0 (Linux; U; Android 10; zh-cn; VOG-AL10 Build/HUAWEIVOG-AL10) AppleWebKit/533.1 (KHTML, like Gecko) Mobile Safari/533.1",299,0
"Mozilla/5.0 (Linux; U; Android 5.1.1; zh-cn; SCL-AL00 Build/HonorSCL-AL00) AppleWebKit/537.36 (KHTML, like Gecko)Version/4.0 MQQBrowser/5.3 Mobile Safari/537.36",300,0
"Mozilla/5.0 (Linux; U; Android 8.0.0; zh-cn; HTC U-3w Build/OPR6.170623.013) AppleWebKit/537.36 (KHTML, like Gecko) Version/4.0 Chrome/66.0.3359.126 MQQBrowser/9.7 Mobile Safari/537.36",301,0
"Mozilla/5.0 (Linux; U; Android 8.0zh-cn; ONEPLUS A5010 Build/PKQ1.180716.001) AppleWebKit/537.36 (KHTML, like Gecko)Version/4.0 Chrome/57.0.2987.132 MQQBrowser/8.1 Mobile Safari/537.36",302,0
"Mozilla/5.0 (Linux; U; Android 9; zh-CN; MI 8 Build/PKQ1.180729.001) AppleWebKit/537.36 (KHTML, like Gecko) Version/4.0 Chrome/57.0.2987.108 UCBrowser/12.8.5.1065 Mobile Safari/537.36",303,0
"Mozilla/5.0 (Linux; U; Android 9; zh-cn; BKL-AL20 Build/HUAWEIBKL-AL20) AppleWebKit/533.1 (KHTML, like Gecko) Mobile Safari/533.1",304,0
"Mozilla/5.0 (Linux; U; Android 9; zh-cn; MHA-AL00 Build/HUAWEIMHA-AL00) AppleWebKit/537.36 (KHTML, like Gecko) Version/4.0 Chrome/66.0.3359.126 MQQBrowser/10.1 Mobile Safari/537.36",305,0
"Mozilla/5.0 (Linux; U; Android 9; zh-cn; PCAM00 Build/PKQ1.190519.001) AppleWebKit/537.36 (KHTML, like Gecko) Version/4.0 Chrome/70.0.3538.80 Mobile Safari/537.36 HeyTapBrowser/20.7.1.5",306,0
"Mozilla/5.0 (Linux; U; Android 9; zh-cn; RVL-AL09 Build/HUAWEIRVL-AL09) AppleWebKit/533.1 (KHTML, like Gecko) Mobile Safari/533.1",307,0
Mozilla/5.0 (Macintosh; Intel Mac OS X 10.13; rv:73.0) Gecko/20100101 Firefox/73.0,308,0
Mozilla/5.0 (Macintosh; Intel Mac OS X 10.14; rv:72.0) Gecko/20100101 Firefox/72.0,309,0
Mozilla/5.0 (Macintosh; Intel Mac OS X 10.15; rv:72.0) Gecko/20100101 Firefox/72.0,310,0
Mozilla/5.0 (Macintosh; Intel Mac OS X 10.15; rv:73.0) Gecko/20100101 Firefox/73.0,311,0
"Mozilla/5.0 (Macintosh; Intel Mac OS X 10_11_3) AppleWebKit/537.36 (KHTML, like Gecko) Chrome/79.0.3945.130 Safari/537.36",312,0
"Mozilla/5.0 (Macintosh; Intel Mac OS X 10_11_5) AppleWebKit/601.6.17 (KHTML, like Gecko) Version/9.1.1 Safari/601.6.17",313,0
"Mozilla/5.0 (Macintosh; Intel Mac OS X 10_11_6) AppleWebKit/601.7.8 (KHTML, like Gecko)",314,0
"Mozilla/5.0 (Macintosh; Intel Mac OS X 10_11_6) AppleWebKit/605.1.15 (KHTML, like Gecko) Version/11.1.2 Safari/605.1.15",315,0
"Mozilla/5.0 (Macintosh; Intel Mac OS X 10_12_0) AppleWebKit/537.36 (KHTML, like Gecko) Chrome/80.0.3987.106 Safari/537.36",316,0
"Mozilla/5.0 (Macintosh; Intel Mac OS X 10_12_1) AppleWebKit/537.36 (KHTML, like Gecko) Chrome/80.0.3987.116 Safari/537.36",317,0
"Mozilla/5.0 (Macintosh; Intel Mac OS X 10_12_3) AppleWebKit/537.36 (KHTML, like Gecko) Chrome/79.0.3945.88 Safari/537.36",318,0
"Mozilla/5.0 (Macintosh; Intel Mac OS X 10_12_5) AppleWebKit/537.36 (KHTML, like Gecko) Chrome/80.0.3987.122 Safari/537.36",319,0
"Mozilla/5.0 (Macintosh; Intel Mac OS X 10_12_6) AppleWebKit/537.36 (KHTML, like Gecko) Chrome/79.0.3945.117 Safari/537.36",320,0
"Mozilla/5.0 (Macintosh; Intel Mac OS X 10_12_6) AppleWebKit/537.36 (KHTML, like Gecko) Chrome/79.0.3945.130 Safari/537.36",321,0
"Mozilla/5.0 (Macintosh; Intel Mac OS X 10_12_6) AppleWebKit/537.36 (KHTML, like Gecko) Chrome/80.0.3987.116 Safari/537.36",322,0
"Mozilla/5.0 (Macintosh; Intel Mac OS X 10_13_2) AppleWebKit/537.36 (KHTML, like Gecko) Chrome/79.0.3945.117 Safari/537.36",323,0
"Mozilla/5.0 (Macintosh; Intel Mac OS X 10_13_4) AppleWebKit/537.36 (KHTML, like Gecko) Chrome/79.0.3945.130 Safari/537.36",324,0
"Mozilla/5.0 (Macintosh; Intel Mac OS X 10_13_4) AppleWebKit/537.36 (KHTML, like Gecko) Chrome/80.0.3987.122 Safari/537.36",325,0
"Mozilla/5.0 (Macintosh; Intel Mac OS X 10_13_6) AppleWebKit/537.36 (KHTML, like Gecko) Chrome/75.0.3770.100 Safari/537.36",326,0
"Mozilla/5.0 (Macintosh; Intel Mac OS X 10_13_6) AppleWebKit/537.36 (KHTML, like Gecko) Chrome/79.0.3945.130 Safari/537.36",327,0
"Mozilla/5.0 (Macintosh; Intel Mac OS X 10_13_6) AppleWebKit/537.36 (KHTML, like Gecko) Chrome/80.0.3987.106 Safari/537.36",328,0
"Mozilla/5.0 (Macintosh; Intel Mac OS X 10_13_6) AppleWebKit/537.36 (KHTML, like Gecko) Chrome/80.0.3987.116 Safari/537.36",329,0
"Mozilla/5.0 (Macintosh; Intel Mac OS X 10_13_6) AppleWebKit/605.1.15 (KHTML, like Gecko)",330,0
"Mozilla/5.0 (Macintosh; Intel Mac OS X 10_13_6) AppleWebKit/605.1.15 (KHTML, like Gecko) Version/11.1.2 Safari/605.1.15",331,0
"Mozilla/5.0 (Macintosh; Intel Mac OS X 10_13_6) AppleWebKit/605.1.15 (KHTML, like Gecko) Version/12.1.2 Safari/605.1.15",332,0
"Mozilla/5.0 (Macintosh; Intel Mac OS X 10_13_6) AppleWebKit/605.1.15 (KHTML, like Gecko) Version/13.0.2 Safari/605.1.15",333,0
"Mozilla/5.0 (Macintosh; Intel Mac OS X 10_13_6) AppleWebKit/605.1.15 (KHTML, like Gecko) Version/13.0.4 Safari/605.1.15",334,0
"Mozilla/5.0 (Macintosh; Intel Mac OS X 10_13_6) AppleWebKit/605.1.15 (KHTML, like Gecko) Version/13.0.5 Safari/605.1.15",335,0
"Mozilla/5.0 (Macintosh; Intel Mac OS X 10_14_0) AppleWebKit/537.36 (KHTML, like Gecko) Chrome/73.0.3683.103 Safari/537.36",336,0
"Mozilla/5.0 (Macintosh; Intel Mac OS X 10_14_1) AppleWebKit/605.1.15 (KHTML, like Gecko) webview Safari/605.1.15 youku/1.7.9;IKUCID/IKU",337,0
"Mozilla/5.0 (Macintosh; Intel Mac OS X 10_14_2) AppleWebKit/537.36 (KHTML, like Gecko) Chrome/80.0.3987.116 Safari/537.36",338,0
"Mozilla/5.0 (Macintosh; Intel Mac OS X 10_14_3) AppleWebKit/537.36 (KHTML, like Gecko) Chrome/79.0.3945.130 Safari/537.36",339,0
"Mozilla/5.0 (Macintosh; Intel Mac OS X 10_14_3) AppleWebKit/537.36 (KHTML, like Gecko) Chrome/80.0.3987.106 Safari/537.36",340,0
"Mozilla/5.0 (Macintosh; Intel Mac OS X 10_14_3) AppleWebKit/537.36 (KHTML, like Gecko) Chrome/80.0.3987.116 Safari/537.36",341,0
"Mozilla/5.0 (Macintosh; Intel Mac OS X 10_14_3) AppleWebKit/605.1.15 (KHTML, like Gecko)",342,0
"Mozilla/5.0 (Macintosh; Intel Mac OS X 10_14_4) AppleWebKit/537.36 (KHTML, like Gecko) Chrome/74.0.3729.169",343,0
"Mozilla/5.0 (Macintosh; Intel Mac OS X 10_14_4) AppleWebKit/537.36 (KHTML, like Gecko) Chrome/82.0.4062.3 Safari/537.36",344,0
"Mozilla/5.0 (Macintosh; Intel Mac OS X 10_14_4) AppleWebKit/605.1.15 (KHTML, like Gecko) Version/12.1 Safari/605.1.15",345,0
"Mozilla/5.0 (Macintosh; Intel Mac OS X 10_14_5) AppleWebKit/537.36 (KHTML, like Gecko) Chrome/79.0.3945.130 Safari/537.36",346,0
"Mozilla/5.0 (Macintosh; Intel Mac OS X 10_14_5) AppleWebKit/537.36 (KHTML, like Gecko) Chrome/80.0.3987.106 Safari/537.36",347,0
"Mozilla/5.0 (Macintosh; Intel Mac OS X 10_14_5) AppleWebKit/537.36 (KHTML, like Gecko) Chrome/80.0.3987.116 Safari/537.36",348,0
"Mozilla/5.0 (Macintosh; Intel Mac OS X 10_14_5) AppleWebKit/605.1.15 (KHTML, like Gecko)",349,0
"Mozilla/5.0 (Macintosh; Intel Mac OS X 10_14_5) AppleWebKit/605.1.15 (KHTML, like Gecko) Version/12.1.1 Safari/605.1.15",350,0
"Mozilla/5.0 (Macintosh; Intel Mac OS X 10_14_6) AppleWebKit/537.36 (KHTML, like Gecko) Chrome/69.0.3497.100 Safari/537.36 QIHU 360EE",351,0
"Mozilla/5.0 (Macintosh; Intel Mac OS X 10_14_6) AppleWebKit/537.36 (KHTML, like Gecko) Chrome/79.0.3945.130 Safari/537.36",352,0
"Mozilla/5.0 (Macintosh; Intel Mac OS X 10_14_6) AppleWebKit/537.36 (KHTML, like Gecko) Chrome/80.0.3987.106 Safari/537.36",353,0
"Mozilla/5.0 (Macintosh; Intel Mac OS X 10_14_6) AppleWebKit/537.36 (KHTML, like Gecko) Chrome/80.0.3987.116 Safari/537.36",354,0
"Mozilla/5.0 (Macintosh; Intel Mac OS X 10_14_6) AppleWebKit/605.1.15 (KHTML, like Gecko)",355,0
"Mozilla/5.0 (Macintosh; Intel Mac OS X 10_14_6) AppleWebKit/605.1.15 (KHTML, like Gecko) MicroMessenger/2.3.29(0x12031d11) MacWechat NetType/WIFI WindowsWechat",356,0
"Mozilla/5.0 (Macintosh; Intel Mac OS X 10_14_6) AppleWebKit/605.1.15 (KHTML, like Gecko) Version/12.1.2 Safari/605.1.15",357,0
"Mozilla/5.0 (Macintosh; Intel Mac OS X 10_14_6) AppleWebKit/605.1.15 (KHTML, like Gecko) Version/13.0.5 Safari/605.1.15",358,0
"Mozilla/5.0 (Macintosh; Intel Mac OS X 10_15_0) AppleWebKit/537.36 (KHTML, like Gecko) Chrome/79.0.3945.130 Safari/537.36",359,0
"Mozilla/5.0 (Macintosh; Intel Mac OS X 10_15_1) AppleWebKit/537.36 (KHTML, like Gecko) Chrome/79.0.3945.130 Safari/537.36",360,0
"Mozilla/5.0 (Macintosh; Intel Mac OS X 10_15_1) AppleWebKit/537.36 (KHTML, like Gecko) Chrome/79.0.3945.88 Safari/537.36",361,0
"Mozilla/5.0 (Macintosh; Intel Mac OS X 10_15_1) AppleWebKit/537.36 (KHTML, like Gecko) Chrome/80.0.3987.122 Safari/537.36",362,0
"Mozilla/5.0 (Macintosh; Intel Mac OS X 10_15_1) AppleWebKit/605.1.15 (KHTML, like Gecko) Version/13.0.3 Safari/605.1.15",363,0
"Mozilla/5.0 (Macintosh; Intel Mac OS X 10_15_2) AppleWebKit/537.36 (KHTML, like Gecko) Chrome/79.0.3945.117 Safari/537.36",364,0
"Mozilla/5.0 (Macintosh; Intel Mac OS X 10_15_2) AppleWebKit/537.36 (KHTML, like Gecko) Chrome/79.0.3945.130 Safari/537.36",365,0
"Mozilla/5.0 (Macintosh; Intel Mac OS X 10_15_2) AppleWebKit/537.36 (KHTML, like Gecko) Chrome/80.0.3987.116 Safari/537.36",366,0
"Mozilla/5.0 (Macintosh; Intel Mac OS X 10_15_2) AppleWebKit/605.1.15 (KHTML, like Gecko)",367,0
"Mozilla/5.0 (Macintosh; Intel Mac OS X 10_15_2) AppleWebKit/605.1.15 (KHTML, like Gecko) Safari/605.1.15 ReederForMac/3.2.3",368,0
"Mozilla/5.0 (Macintosh; Intel Mac OS X 10_15_2) AppleWebKit/605.1.15 (KHTML, like Gecko) Version/13.0.4 Safari/605.1.15",369,0
"Mozilla/5.0 (Macintosh; Intel Mac OS X 10_15_3) AppleWebKit/537.36 (KHTML, like Gecko) Chrome/69.0.3497.100 Safari/537.36 QIHU 360EE",370,0
"Mozilla/5.0 (Macintosh; Intel Mac OS X 10_15_3) AppleWebKit/537.36 (KHTML, like Gecko) Chrome/79.0.3945.130 Safari/537.36",371,0
"Mozilla/5.0 (Macintosh; Intel Mac OS X 10_15_3) AppleWebKit/537.36 (KHTML, like Gecko) Chrome/79.0.3945.79 Safari/537.36",372,0
"Mozilla/5.0 (Macintosh; Intel Mac OS X 10_15_3) AppleWebKit/537.36 (KHTML, like Gecko) Chrome/80.0.3987.100 Safari/537.36",373,0
"Mozilla/5.0 (Macintosh; Intel Mac OS X 10_15_3) AppleWebKit/537.36 (KHTML, like Gecko) Chrome/80.0.3987.116 Safari/537.36",374,0
"Mozilla/5.0 (Macintosh; Intel Mac OS X 10_15_3) AppleWebKit/537.36 (KHTML, like Gecko) Chrome/80.0.3987.122 Safari/537.36",375,0
"Mozilla/5.0 (Macintosh; Intel Mac OS X 10_15_3) AppleWebKit/537.36 (KHTML, like Gecko) Chrome/80.0.3987.16 Safari/537.36",376,0
"Mozilla/5.0 (Macintosh; Intel Mac OS X 10_15_3) AppleWebKit/537.36 (KHTML, like Gecko) Chrome/80.0.3987.87 Safari/537.36",377,0
"Mozilla/5.0 (Macintosh; Intel Mac OS X 10_15_3) AppleWebKit/605.1.15 (KHTML, like Gecko)",378,0
"Mozilla/5.0 (Macintosh; Intel Mac OS X 10_15_3) AppleWebKit/605.1.15 (KHTML, like Gecko) Version/13.0.5 Safari/605.1.15",379,0
"Mozilla/5.0 (Macintosh; Intel Mac OS X 10_15_3) AppleWebKit/605.1.15 (KHTML, like Gecko) webview Safari/605.1.15 youku/1.7.9;IKUCID/IKU",380,0
"Mozilla/5.0 (Macintosh; Intel Mac OS X 10_15_3) AppleWebKit/605.1.15 (KHTML, like Gecko) webview Safari/605.1.15 youku/1.8.0;IKUCID/IKU",381,0
"Mozilla/5.0 (Macintosh; U; Intel Mac OS X 10_6_8; en-us) AppleWebKit/534.50 (KHTML, like Gecko) Version/5.1 Safari/534.50",382,0
Mozilla/5.0 (PlayBook; U; RIM Tablet OS 2.1.0; en-US) AppleWebKit/536.2+ (KHTML like Gecko) Version/7.2.1.0 Safari/536.2+,383,0
"Mozilla/5.0 (Windows NT 10.0; WOW64) AppleWebKit/537.36 (KHTML, like Gecko) Chrome/49.0.2623.221 Safari/537.36 SE 2.X MetaSr 1.0",384,0
"Mozilla/5.0 (Windows NT 10.0; WOW64) AppleWebKit/537.36 (KHTML, like Gecko) Chrome/53.0.2785.116 Safari/537.36 QBCore/4.0.1278.400 QQBrowser/9.0.2524.400 Mozilla/5.0 (Windows NT 6.1; WOW64) AppleWebKit/537.36 (KHTML, like Gecko) Chrome/53.0.2875.116 Safari/537.36 NetType/WIFI MicroMessenger/7.0.5 WindowsWechat",385,0
"Mozilla/5.0 (Windows NT 10.0; WOW64) AppleWebKit/537.36 (KHTML, like Gecko) Chrome/53.0.2785.116 Safari/537.36 QBCore/4.0.1295.400 QQBrowser/9.0.2524.400 Mozilla/5.0 (Windows NT 6.1; WOW64) AppleWebKit/537.36 (KHTML, like Gecko) Chrome/53.0.2875.116 Safari/537.36 NetType/WIFI MicroMessenger/7.0.5 WindowsWechat",386,0
"Mozilla/5.0 (Windows NT 10.0; WOW64) AppleWebKit/537.36 (KHTML, like Gecko) Chrome/58.0.3029.110 Safari/537.36 SE 2.X MetaSr 1.0",387,0
"Mozilla/5.0 (Windows NT 10.0; WOW64) AppleWebKit/537.36 (KHTML, like Gecko) Chrome/63.0.3239.132 Safari/537.36",388,0
"Mozilla/5.0 (Windows NT 10.0; WOW64) AppleWebKit/537.36 (KHTML, like Gecko) Chrome/63.0.3239.132 Safari/537.36 QIHU 360SE",389,0
"Mozilla/5.0 (Windows NT 10.0; WOW64) AppleWebKit/537.36 (KHTML, like Gecko) Chrome/63.0.3239.132 Safari/537.36 QIHU 360SE/10.0.2410.0",390,0
"Mozilla/5.0 (Windows NT 10.0; WOW64) AppleWebKit/537.36 (KHTML, like Gecko) Chrome/63.0.3239.132 Safari/537.36 QIHU 360SE/10.0.2442.0",391,0
"Mozilla/5.0 (Windows NT 10.0; WOW64) AppleWebKit/537.36 (KHTML, like Gecko) Chrome/65.0.3314.0 Safari/537.36 SE 2.X MetaSr 1.0",392,0
"Mozilla/5.0 (Windows NT 10.0; WOW64) AppleWebKit/537.36 (KHTML, like Gecko) Chrome/65.0.3325.181 Safari/537.36",393,0
"Mozilla/5.0 (Windows NT 10.0; WOW64) AppleWebKit/537.36 (KHTML, like Gecko) Chrome/69.0.3497.100 Safari/537.36 QIHU 360EE",394,0
"Mozilla/5.0 (Windows NT 10.0; WOW64) AppleWebKit/537.36 (KHTML, like Gecko) Chrome/70.0.3538.110 Safari/537.36",395,0
"Mozilla/5.0 (Windows NT 10.0; WOW64) AppleWebKit/537.36 (KHTML, like Gecko) Chrome/70.0.3538.25 Safari/537.36 Core/1.70.3741.400 QQBrowser/10.5.3863.400",396,0
"Mozilla/5.0 (Windows NT 10.0; WOW64) AppleWebKit/537.36 (KHTML, like Gecko) Chrome/73.0.3683.86 Safari/537.36",397,0
"Mozilla/5.0 (Windows NT 10.0; WOW64) AppleWebKit/537.36 (KHTML, like Gecko) Chrome/75.0.3770.100 Safari/537.36",398,0
"Mozilla/5.0 (Windows NT 10.0; WOW64) AppleWebKit/537.36 (KHTML, like Gecko) Chrome/76.0.3809.87 Safari/537.36",399,0
"Mozilla/5.0 (Windows NT 10.0; WOW64) AppleWebKit/537.36 (KHTML, like Gecko) Chrome/78.0.3904.108 Safari/537.36",400,0
"Mozilla/5.0 (Windows NT 10.0; WOW64) AppleWebKit/537.36 (KHTML, like Gecko) Chrome/78.0.3904.108 Safari/537.36 QIHU 360SE",401,0
"Mozilla/5.0 (Windows NT 10.0; WOW64) AppleWebKit/537.36 (KHTML, like Gecko) Chrome/78.0.3904.70 Safari/537.36",402,0
"Mozilla/5.0 (Windows NT 10.0; WOW64) AppleWebKit/537.36 (KHTML, like Gecko) Chrome/79.0.3945.117 Safari/537.36",403,0
"Mozilla/5.0 (Windows NT 10.0; WOW64) AppleWebKit/537.36 (KHTML, like Gecko) Chrome/79.0.3945.130 Safari/537.36",404,0
"Mozilla/5.0 (Windows NT 10.0; WOW64) AppleWebKit/537.36 (KHTML, like Gecko) Chrome/79.0.3945.79 Safari/537.36",405,0
"Mozilla/5.0 (Windows NT 10.0; WOW64) AppleWebKit/537.36 (KHTML, like Gecko) Chrome/79.0.3945.88 Safari/537.36",406,0
"Mozilla/5.0 (Windows NT 10.0; WOW64) AppleWebKit/537.36 (KHTML, like Gecko) Chrome/80.0.3987.116 Safari/537.36",407,0
"Mozilla/5.0 (Windows NT 10.0; WOW64) AppleWebKit/537.36 (KHTML, like Gecko) Chrome/80.0.3987.122 Safari/537.36",408,0
"Mozilla/5.0 (Windows NT 10.0; WOW64) AppleWebKit/537.36 (KHTML, like Gecko) thunderx/10.1.25.602 Chrome/59.0.3071.115 Electron/1.8.6 Safari/537.36",409,0
"Mozilla/5.0 (Windows NT 10.0; WOW64) AppleWebKit/537.36 (KHTML, like Gecko) thunderx/10.1.25.606 Chrome/59.0.3071.115 Electron/1.8.6 Safari/537.36",410,0
"Mozilla/5.0 (Windows NT 10.0; WOW64) AppleWebKit/537.36 (KHTML, like Gecko) thunderx/10.1.26.618 Chrome/59.0.3071.115 Electron/1.8.6 Safari/537.36",411,0
"Mozilla/5.0 (Windows NT 10.0; WOW64) AppleWebKit/537.36 (KHTML, like Gecko) thunderx/10.1.28.676 Chrome/59.0.3071.115 Electron/1.8.6 Safari/537.36",412,0
"Mozilla/5.0 (Windows NT 10.0; WOW64) AppleWebKit/537.36 (KHTML, like Gecko) thunderx/10.1.29.696 Chrome/59.0.3071.115 Electron/1.8.6 Safari/537.36",413,0
"Mozilla/5.0 (Windows NT 10.0; WOW64) AppleWebKit/537.36 (KHTML, like Gecko) thunderx/10.1.30.720 Chrome/59.0.3071.115 Electron/1.8.6 Safari/537.36",414,0
Mozilla/5.0 (Windows NT 10.0; WOW64; Trident/7.0; LCTE; rv:11.0) like Gecko,415,0
Mozilla/5.0 (Windows NT 10.0; WOW64; Trident/7.0; rv:11.0) like Gecko,416,0
Mozilla/5.0 (Windows NT 10.0; WOW64; rv:35.0) Gecko/20100101 Firefox/35.0,417,0
Mozilla/5.0 (Windows NT 10.0; WOW64; rv:47.0) Gecko/20100101 Firefox/47.0,418,0
"Mozilla/5.0 (Windows NT 10.0; Win64; x64) AppleWebKit/537.36 (KHTML, like Gecko) Chrome/52.0.2743.116 Safari/537.36 Edge/15.15063",419,0
"Mozilla/5.0 (Windows NT 10.0; Win64; x64) AppleWebKit/537.36 (KHTML, like Gecko) Chrome/67.0.3396.99 Safari/537.36",420,0
"Mozilla/5.0 (Windows NT 10.0; Win64; x64) AppleWebKit/537.36 (KHTML, like Gecko) Chrome/68.0.3440.106 Safari/537.36",421,0
"Mozilla/5.0 (Windows NT 10.0; Win64; x64) AppleWebKit/537.36 (KHTML, like Gecko) Chrome/69.0.3497.100 Safari/537.36",422,0
"Mozilla/5.0 (Windows NT 10.0; Win64; x64) AppleWebKit/537.36 (KHTML, like Gecko) Chrome/70.0.3538.102 Safari/537.36 Edge/18.18362",423,0
"Mozilla/5.0 (Windows NT 10.0; Win64; x64) AppleWebKit/537.36 (KHTML, like Gecko) Chrome/70.0.3538.102 Safari/537.36 Edge/18.18363",424,0
"Mozilla/5.0 (Windows NT 10.0; Win64; x64) AppleWebKit/537.36 (KHTML, like Gecko) Chrome/72.0.3626.121 Safari/537.36",425,0
"Mozilla/5.0 (Windows NT 10.0; Win64; x64) AppleWebKit/537.36 (KHTML, like Gecko) Chrome/73.0.3683.75 Safari/537.36",426,0
"Mozilla/5.0 (Windows NT 10.0; Win64; x64) AppleWebKit/537.36 (KHTML, like Gecko) Chrome/73.0.3683.86 Safari/537.36",427,0
"Mozilla/5.0 (Windows NT 10.0; Win64; x64) AppleWebKit/537.36 (KHTML, like Gecko) Chrome/74.0.3729.131 Safari/537.36",428,0
"Mozilla/5.0 (Windows NT 10.0; Win64; x64) AppleWebKit/537.36 (KHTML, like Gecko) Chrome/74.0.3729.157 Safari/537.36",429,0
"Mozilla/5.0 (Windows NT 10.0; Win64; x64) AppleWebKit/537.36 (KHTML, like Gecko) Chrome/74.0.3729.169 Safari/537.36",430,0
"Mozilla/5.0 (Windows NT 10.0; Win64; x64) AppleWebKit/537.36 (KHTML, like Gecko) Chrome/75.0.3770.100 Safari/537.36",431,0
"Mozilla/5.0 (Windows NT 10.0; Win64; x64) AppleWebKit/537.36 (KHTML, like Gecko) Chrome/75.0.3770.142 Safari/537.36",432,0
"Mozilla/5.0 (Windows NT 10.0; Win64; x64) AppleWebKit/537.36 (KHTML, like Gecko) Chrome/76.0.3809.100 Safari/537.36",433,0
"Mozilla/5.0 (Windows NT 10.0; Win64; x64) AppleWebKit/537.36 (KHTML, like Gecko) Chrome/76.0.3809.132 Safari/537.36",434,0
"Mozilla/5.0 (Windows NT 10.0; Win64; x64) AppleWebKit/537.36 (KHTML, like Gecko) Chrome/77.0.3865.120 Safari/537.36",435,0
"Mozilla/5.0 (Windows NT 10.0; Win64; x64) AppleWebKit/537.36 (KHTML, like Gecko) Chrome/77.0.3865.90 Safari/537.36",436,0
"Mozilla/5.0 (Windows NT 10.0; Win64; x64) AppleWebKit/537.36 (KHTML, like Gecko) Chrome/78.0.3904.108 Safari/537.36",437,0
"Mozilla/5.0 (Windows NT 10.0; Win64; x64) AppleWebKit/537.36 (KHTML, like Gecko) Chrome/78.0.3904.70 Safari/537.36",438,0
"Mozilla/5.0 (Windows NT 10.0; Win64; x64) AppleWebKit/537.36 (KHTML, like Gecko) Chrome/78.0.3904.87 Safari/537.36",439,0
"Mozilla/5.0 (Windows NT 10.0; Win64; x64) AppleWebKit/537.36 (KHTML, like Gecko) Chrome/78.0.3904.97 Safari/537.36",440,0
"Mozilla/5.0 (Windows NT 10.0; Win64; x64) AppleWebKit/537.36 (KHTML, like Gecko) Chrome/79.0.3945.117 Safari/537.36",441,0
"Mozilla/5.0 (Windows NT 10.0; Win64; x64) AppleWebKit/537.36 (KHTML, like Gecko) Chrome/79.0.3945.130 Safari/537.36",442,0
"Mozilla/5.0 (Windows NT 10.0; Win64; x64) AppleWebKit/537.36 (KHTML, like Gecko) Chrome/79.0.3945.79 Safari/537.36",443,0
"Mozilla/5.0 (Windows NT 10.0; Win64; x64) AppleWebKit/537.36 (KHTML, like Gecko) Chrome/79.0.3945.88 Safari/537.36",444,0
"Mozilla/5.0 (Windows NT 10.0; Win64; x64) AppleWebKit/537.36 (KHTML, like Gecko) Chrome/80.0.3987.100 Safari/537.36",445,0
"Mozilla/5.0 (Windows NT 10.0; Win64; x64) AppleWebKit/537.36 (KHTML, like Gecko) Chrome/80.0.3987.106 Safari/537.36",446,0
"Mozilla/5.0 (Windows NT 10.0; Win64; x64) AppleWebKit/537.36 (KHTML, like Gecko) Chrome/80.0.3987.116 Safari/537.36",447,0
"Mozilla/5.0 (Windows NT 10.0; Win64; x64) AppleWebKit/537.36 (KHTML, like Gecko) Chrome/80.0.3987.116 Safari/537.36 Edg/80.0.361.57",448,0
"Mozilla/5.0 (Windows NT 10.0; Win64; x64) AppleWebKit/537.36 (KHTML, like Gecko) Chrome/80.0.3987.122 Safari/537.36",449,0
"Mozilla/5.0 (Windows NT 10.0; Win64; x64) AppleWebKit/537.36 (KHTML, like Gecko) Chrome/80.0.3987.87 Safari/537.36",450,0
"Mozilla/5.0 (Windows NT 10.0; Win64; x64) AppleWebKit/537.36 (KHTML, like Gecko) Chrome/80.0.3987.87 Safari/537.36 Edg/80.0.361.48",451,0
"Mozilla/5.0 (Windows NT 10.0; Win64; x64) AppleWebKit/537.36 (KHTML, like Gecko) Chrome/81.0.4044.9 Safari/537.36",452,0
Mozilla/5.0 (Windows NT 10.0; Win64; x64; rv:54.0) Gecko/20100101 Firefox/54.0,453,0
Mozilla/5.0 (Windows NT 10.0; Win64; x64; rv:68.0) Gecko/20100101 Firefox/68.0,454,0
Mozilla/5.0 (Windows NT 10.0; Win64; x64; rv:72.0) Gecko/20100101 Firefox/72.0,455,0
Mozilla/5.0 (Windows NT 10.0; Win64; x64; rv:73.0) Gecko/20100101 Firefox/73.0,456,0
Mozilla/5.0 (Windows NT 10.0; Win64; x64; rv:75.0) Gecko/20100101 Firefox/75.0,457,0
"Mozilla/5.0 (Windows NT 6.1) AppleWebKit/536.5 (KHTML, like Gecko) Chrome/19.0.1084.46 Safari/536.5",458,0
"Mozilla/5.0 (Windows NT 6.1) AppleWebKit/537.36 (KHTML, like Gecko) Maxthon/5.0 Chrome/47.0.2526.73 Safari/537.36",459,0
"Mozilla/5.0 (Windows NT 6.1; WOW64) AppleWebKit/537.21 (KHTML, like Gecko) Chrome/41.0.2228.0 Safari/537.21",460,0
"Mozilla/5.0 (Windows NT 6.1; WOW64) AppleWebKit/537.36 (KHTML, like Gecko) Chrome/31.0.1650.57 Safari/537.36",461,0
"Mozilla/5.0 (Windows NT 6.1; WOW64) AppleWebKit/537.36 (KHTML, like Gecko) Chrome/45.0.2454.101 Safari/537.36 QIHU 360SE",462,0
"Mozilla/5.0 (Windows NT 6.1; WOW64) AppleWebKit/537.36 (KHTML, like Gecko) Chrome/50.0.2661.102 Safari/537.36",463,0
"Mozilla/5.0 (Windows NT 6.1; WOW64) AppleWebKit/537.36 (KHTML, like Gecko) Chrome/55.0.2883.87 UBrowser/6.2.4098.3 Safari/537.36",464,0
"Mozilla/5.0 (Windows NT 6.1; WOW64) AppleWebKit/537.36 (KHTML, like Gecko) Chrome/58.0.3029.110 Safari/537.36 SE 2.X MetaSr 1.0",465,0
"Mozilla/5.0 (Windows NT 6.1; WOW64) AppleWebKit/537.36 (KHTML, like Gecko) Chrome/63.0.3239.132 Safari/537.36 QIHU 360SE",466,0
"Mozilla/5.0 (Windows NT 6.1; WOW64) AppleWebKit/537.36 (KHTML, like Gecko) Chrome/64.0.3282.186 Safari/537.36",467,0
"Mozilla/5.0 (Windows NT 6.1; WOW64) AppleWebKit/537.36 (KHTML, like Gecko) Chrome/65.0.3314.0 Safari/537.36 SE 2.X MetaSr 1.0",468,0
"Mozilla/5.0 (Windows NT 6.1; WOW64) AppleWebKit/537.36 (KHTML, like Gecko) Chrome/69.0.3497.100 Safari/537.36 QIHU 360EE",469,0
"Mozilla/5.0 (Windows NT 6.1; WOW64) AppleWebKit/537.36 (KHTML, like Gecko) Chrome/70.0.3538.25 Safari/537.36 Core/1.70.3741.400 QQBrowser/10.5.3863.400",470,0
"Mozilla/5.0 (Windows NT 6.1; WOW64) AppleWebKit/537.36 (KHTML, like Gecko) Chrome/78.0.3904.108 Safari/537.36",471,0
"Mozilla/5.0 (Windows NT 6.1; WOW64) AppleWebKit/537.36 (KHTML, like Gecko) thunderx/10.1.28.676 Chrome/59.0.3071.115 Electron/1.8.6 Safari/537.36",472,0
"Mozilla/5.0 (Windows NT 6.1; WOW64) AppleWebKit/537.36 (KHTML, like Gecko) thunderx/10.1.29.696 Chrome/59.0.3071.115 Electron/1.8.6 Safari/537.36",473,0
Mozilla/5.0 (Windows NT 6.1; WOW64; Trident/7.0; SLCC2; .NET CLR 2.0.50727; .NET CLR 3.5.30729; .NET CLR 3.0.30729; .NET4.0C; .NET4.0E; rv 11.0) like Gecko,474,0
Mozilla/5.0 (Windows NT 6.1; WOW64; Trident/7.0; SLCC2; .NET CLR 2.0.50727; .NET CLR 3.5.30729; .NET CLR 3.0.30729; .NET4.0C; .NET4.0E; rv 11.0) like Gecko%df%22,475,0
Mozilla/5.0 (Windows NT 6.1; WOW64; Trident/7.0; SLCC2; .NET CLR 2.0.50727; .NET CLR 3.5.30729; .NET CLR 3.0.30729; .NET4.0C; .NET4.0E; rv 11.0) like Gecko%df%27,476,0
"Mozilla/5.0 (Windows NT 6.1; WOW64; Trident/7.0; SLCC2; .NET CLR 2.0.50727; .NET CLR 3.5.30729; .NET CLR 3.0.30729; .NET4.0C; .NET4.0E; rv 11.0) like Gecko'""[]()",477,0
"Mozilla/5.0 (Windows NT 6.1; WOW64; Trident/7.0; SLCC2; .NET CLR 2.0.50727; .NET CLR 3.5.30729; .NET CLR 3.0.30729; .NET4.0C; .NET4.0E; rv 11.0) like Gecko*/-->'""></iframe></script></style></title></textarea><script >alert(01426)</script>",478,0
"Mozilla/5.0 (Windows NT 6.1; WOW64; Trident/7.0; SLCC2; .NET CLR 2.0.50727; .NET CLR 3.5.30729; .NET CLR 3.0.30729; .NET4.0C; .NET4.0E; rv 11.0) like Gecko*/-->'""></iframe></script></style></title></textarea><script >alert(09403)</script>",479,0
"Mozilla/5.0 (Windows NT 6.1; WOW64; Trident/7.0; SLCC2; .NET CLR 2.0.50727; .NET CLR 3.5.30729; .NET CLR 3.0.30729; .NET4.0C; .NET4.0E; rv 11.0) like Gecko*/-->'""></iframe></script></style></title></textarea><script >alert(21092)</script>",480,0
"Mozilla/5.0 (Windows NT 6.1; WOW64; Trident/7.0; SLCC2; .NET CLR 2.0.50727; .NET CLR 3.5.30729; .NET CLR 3.0.30729; .NET4.0C; .NET4.0E; rv 11.0) like Gecko*/-->'""></iframe></script></style></title></textarea><script >alert(21948)</script>",481,0
"Mozilla/5.0 (Windows NT 6.1; WOW64; Trident/7.0; SLCC2; .NET CLR 2.0.50727; .NET CLR 3.5.30729; .NET CLR 3.0.30729; .NET4.0C; .NET4.0E; rv 11.0) like Gecko*/-->'""></iframe></script></style></title></textarea><script >alert(36468)</script>",482,0
"Mozilla/5.0 (Windows NT 6.1; WOW64; Trident/7.0; SLCC2; .NET CLR 2.0.50727; .NET CLR 3.5.30729; .NET CLR 3.0.30729; .NET4.0C; .NET4.0E; rv 11.0) like Gecko*/-->'""></iframe></script></style></title></textarea><script >alert(37851)</script>",483,0
"Mozilla/5.0 (Windows NT 6.1; WOW64; Trident/7.0; SLCC2; .NET CLR 2.0.50727; .NET CLR 3.5.30729; .NET CLR 3.0.30729; .NET4.0C; .NET4.0E; rv 11.0) like Gecko*/-->'""></iframe></script></style></title></textarea><script >alert(61595)</script>",484,0
Mozilla/5.0 (Windows NT 6.1; WOW64; Trident/7.0; SLCC2; .NET CLR 2.0.50727; .NET CLR 3.5.30729; .NET CLR 3.0.30729; .NET4.0C; .NET4.0E; rv 11.0) like Gecko-99999999999999999999,485,0
Mozilla/5.0 (Windows NT 6.1; WOW64; Trident/7.0; SLCC2; .NET CLR 2.0.50727; .NET CLR 3.5.30729; .NET CLR 3.0.30729; .NET4.0C; .NET4.0E; rv 11.0) like Gecko99999999999999999999,486,0
Mozilla/5.0 (Windows NT 6.1; WOW64; Trident/7.0; rv:11.0) like Gecko,487,0
"Mozilla/5.0 (Windows NT 6.1; Win64; x64) AppleWebKit/537.36 (KHTML, like Gecko) Chrome/58.0.3029.110 Safari/537.36",488,0
"Mozilla/5.0 (Windows NT 6.1; Win64; x64) AppleWebKit/537.36 (KHTML, like Gecko) Chrome/74.0.3729.169 Safari/537.36",489,0
"Mozilla/5.0 (Windows NT 6.1; Win64; x64) AppleWebKit/537.36 (KHTML, like Gecko) Chrome/75.0.3770.100 Safari/537.36",490,0
"Mozilla/5.0 (Windows NT 6.1; Win64; x64) AppleWebKit/537.36 (KHTML, like Gecko) Chrome/76.0.3809.100 Safari/537.36",491,0
"Mozilla/5.0 (Windows NT 6.1; Win64; x64) AppleWebKit/537.36 (KHTML, like Gecko) Chrome/77.0.3865.120 Safari/537.36",492,0
"Mozilla/5.0 (Windows NT 6.1; Win64; x64) AppleWebKit/537.36 (KHTML, like Gecko) Chrome/78.0.3904.108 Safari/537.36",493,0
"Mozilla/5.0 (Windows NT 6.1; Win64; x64) AppleWebKit/537.36 (KHTML, like Gecko) Chrome/79.0.3904.87 Safari/537.36",494,0
"Mozilla/5.0 (Windows NT 6.1; Win64; x64) AppleWebKit/537.36 (KHTML, like Gecko) Chrome/79.0.3945.130 Safari/537.36",495,0
"Mozilla/5.0 (Windows NT 6.1; Win64; x64) AppleWebKit/537.36 (KHTML, like Gecko) Chrome/80.0.3987.106 Safari/537.36",496,0
"Mozilla/5.0 (Windows NT 6.1; Win64; x64) AppleWebKit/537.36 (KHTML, like Gecko) Chrome/80.0.3987.116 Safari/537.36",497,0
"Mozilla/5.0 (Windows NT 6.1; Win64; x64) AppleWebKit/537.36 (KHTML, like Gecko) Chrome/80.0.3987.122 Safari/537.36",498,0
Mozilla/5.0 (Windows NT 6.1; Win64; x64; rv:73.0) Gecko/20100101 Firefox/73.0,499,0
"Mozilla/5.0 (Windows NT 6.2; WOW64) AppleWebKit/537.36 (KHTML, like Gecko) Chrome/29.0.1547.59 QQ/7.9.14314.201 Safari/537.36",500,0
"Mozilla/5.0 (Windows NT 6.2; WOW64) AppleWebKit/537.36 (KHTML, like Gecko) Chrome/49.0.2623.110 Safari/537.36",501,0
"Mozilla/5.0 (Windows NT 6.2; WOW64) AppleWebKit/537.36 (KHTML, like Gecko) Chrome/57.0.2987.133 Safari/537.36 TBC/1.1.0.28 Thunder/10.1.15.448",502,0
"Mozilla/5.0 (Windows NT 6.2; WOW64) AppleWebKit/537.36 (KHTML, like Gecko) Chrome/57.0.2987.133 Safari/537.36 TBC/1.1.0.28 Thunder/10.1.25.606",503,0
"Mozilla/5.0 (Windows NT 6.2; WOW64) AppleWebKit/537.36 (KHTML, like Gecko) Chrome/57.0.2987.133 Safari/537.36 TBC/1.1.0.28 Thunder/10.1.26.618",504,0
"Mozilla/5.0 (Windows NT 6.2; WOW64) AppleWebKit/537.36 (KHTML, like Gecko) Chrome/57.0.2987.133 Safari/537.36 TBC/1.1.0.28 Thunder/10.1.27.658",505,0
"Mozilla/5.0 (Windows NT 6.2; WOW64) AppleWebKit/537.36 (KHTML, like Gecko) Chrome/57.0.2987.133 Safari/537.36 TBC/1.1.0.28 Thunder/10.1.28.676",506,0
"Mozilla/5.0 (Windows NT 6.2; WOW64) AppleWebKit/537.36 (KHTML, like Gecko) Chrome/57.0.2987.133 Safari/537.36 TBC/1.1.0.28 Thunder/10.1.29.698",507,0
"Mozilla/5.0 (Windows NT 6.2; WOW64) AppleWebKit/537.36 (KHTML, like Gecko) Chrome/57.0.2987.133 Safari/537.36 TBC/1.1.0.28 Thunder/10.1.30.720",508,0
"Mozilla/5.0 (Windows NT 6.2; WOW64) AppleWebKit/537.36 (KHTML, like Gecko) Chrome/63.0.3239.132 Safari/537.36 QIHU 360SE",509,0
"Mozilla/5.0 (Windows NT 6.2; WOW64) AppleWebKit/537.36 (KHTML, like Gecko) Chrome/72.0.3626.121 Safari/537.36 TBC/1.3.1.67 Thunder/10.1.20.528",510,0
"Mozilla/5.0 (Windows NT 6.2; WOW64) AppleWebKit/537.36 (KHTML, like Gecko) QQ/2.03.2.21173 TIM2.0/2.03.2.21173 Chrome/43.0.2357.134 Safari/537.36 QBCore/3.43.1004.400 QQBrowser/9.0.2524.400",511,0
Mozilla/5.0 (Windows NT 6.2; WOW64; Trident/7.0; rv:11.0) like Gecko,512,0
Mozilla/5.0 (Windows NT 6.3; WOW64; Trident/7.0; rv:11.0) like Gecko,513,0
"Mozilla/5.0 (Windows; U; Windows NT 5.1; en-US) AppleWebKit/534.10 (KHTML, like Gecko) Chrome/8.0.552.215 Safari/534.10",514,0
"Mozilla/5.0 (X11; Linux x86_64) AppleWebKit/534.24 (KHTML, like Gecko) Chrome/71.0.3578.141 Safari/534.24 XiaoMi/MiuiBrowser/11.8.12",515,0
"Mozilla/5.0 (X11; Linux x86_64) AppleWebKit/537.36 (KHTML, like Gecko) Chrome/80.0.3987.116 Safari/537.36",516,0
"Mozilla/5.0 (X11; Linux x86_64) AppleWebKit/537.36 (KHTML, like Gecko) Ubuntu Chromium/80.0.3987.87 Chrome/80.0.3987.87 Safari/537.36",517,0
Mozilla/5.0 (X11; Linux x86_64; rv:72.0) Gecko/20100101 Firefox/72.0,518,0
Mozilla/5.0 (compatible; Baiduspider/2.0; +http://www.baidu.com/search/spider.html),519,0
Mozilla/5.0 (compatible; MSIE 10.0; Windows NT 6.1; WOW64; Trident/6.0),520,0
Mozilla/5.0 (compatible; MSIE 10.0; Windows NT 6.1; WOW64; Trident/7.0),521,0
Mozilla/5.0 (compatible; MSIE 10.0; Windows NT 6.2; Trident/6.0),522,0
Mozilla/5.0 (compatible; MSIE 9.0; Windows NT 6.1; Trident/5.0),523,0
Mozilla/5.0 (compatible; MSIE 9.0; Windows NT 6.1; WOW64; Trident/5.0),524,0
Mozilla/5.0 (compatible; MSIE 9.0; Windows NT 6.1; Win64; x64; Trident/5.0),525,0
"Mozilla/5.0 (iPhone; CPU iPhone OS 10_2 like Mac OS X) AppleWebKit/602.3.12 (KHTML, like Gecko) Version/10.0 Mobile/14C92 Safari/602.1",526,0
"Mozilla/5.0 (iPhone; CPU iPhone OS 11_2_1 like Mac OS X; zh-CN) AppleWebKit/537.51.1 (KHTML, like Gecko) Mobile/15C153 UCBrowser/11.6.3.1014 Mobile",527,0
"Mozilla/5.0 (iPhone; CPU iPhone OS 11_2_1 like Mac OS X; zh-CN) AppleWebKit/537.51.1 (KHTML, like Gecko) Mobile/15C153 UCBrowser/11.6.3.1014 Mobile  AliApp(TUnionSDK/0.1.20)",528,0
"Mozilla/5.0 (iPhone; CPU iPhone OS 11_4_1 like Mac OS X) AppleWebKit/605.1.15 (KHTML, like Gecko) Mobile/15G77 SP-engine/2.12.5 light%2F1.0%28WKWebView%29%20themeUA%3DTheme%2Flight baiduboxapp/11.16.5.16 (Baidu; P2 11.4.1)",529,0
"Mozilla/5.0 (iPhone; CPU iPhone OS 11_4_1 like Mac OS X) AppleWebKit/605.1.15 (KHTML, like Gecko) Mobile/15G77 SP-engine/2.14.0 light%2F1.0%28WKWebView%29%20themeUA%3DTheme%2Fdefault baiduboxapp/11.18.0.16 (Baidu; P2 11.4.1)",530,0
"Mozilla/5.0 (iPhone; CPU iPhone OS 11_4_1 like Mac OS X) AppleWebKit/605.1.15 (KHTML, like Gecko) Mobile/15G77 sjyyt/3.6.0 sjyyt/3.6.0 sjyyt/3.6.0 sjyyt/3.6.0",531,0
"Mozilla/5.0 (iPhone; CPU iPhone OS 12_3_1 like Mac OS X) AppleWebKit/605.1.15 (KHTML, like Gecko) Mobile/16F203 Ariver/1.0.9 AliApp(AP/10.1.87.6000) Nebula WK RVKType(0) AlipayDefined(nt:WIFI,ws:414|832|2.0) AlipayClient/10.1.87.6000 Language/zh-Hans NebulaX/1.0.0",532,0
"Mozilla/5.0 (iPhone; CPU iPhone OS 12_3_1 like Mac OS X) AppleWebKit/605.1.15 (KHTML, like Gecko) Mobile/16F203 Ariver/1.0.9 AliApp(AP/10.1.87.6000) Nebula WK RVKType(0) AlipayDefined(nt:WIFI,ws:414|896|2.0) AlipayClient/10.1.87.6000 Language/zh-Hans NebulaX/1.0.0",533,0
"Mozilla/5.0 (iPhone; CPU iPhone OS 12_4 like Mac OS X) AppleWebKit/605.1.15 (KHTML, like Gecko) Mobile/16G77 Ariver/1.0.9 AliApp(AP/10.1.87.6000) Nebula WK RVKType(0) AlipayDefined(nt:WIFI,ws:375|603|2.0) AlipayClient/10.1.87.6000 Language/zh-Hans NebulaX/1.0.0",534,0
"Mozilla/5.0 (iPhone; CPU iPhone OS 12_4_1 like Mac OS X) AppleWebKit/605.1.15 (KHTML, like Gecko) Mobile/15E148 NewsApp/64.4",535,0
"Mozilla/5.0 (iPhone; CPU iPhone OS 12_4_5 like Mac OS X) AppleWebKit/605.1.15 (KHTML, like Gecko) Mobile/15E148 SP-engine/2.14.0 light%2F1.0%28WKWebView%29%20themeUA%3DTheme%2Fdefault baiduboxapp/11.18.0.16 (Baidu; P2 12.4.5)",536,0
"Mozilla/5.0 (iPhone; CPU iPhone OS 13_2 like Mac OS X; zh-CN) AppleWebKit/537.51.1 (KHTML, like Gecko) Mobile/17B84 UCBrowser/12.8.4.1277 Mobile  AliApp(TUnionSDK/0.1.20.3)",537,0
"Mozilla/5.0 (iPhone; CPU iPhone OS 13_3 like Mac OS X) AppleWebKit/605.1.15 (KHTML, like Gecko) Mobile/15E148 MicroMessenger/7.0.10(0x17000a21) NetType/WIFI Language/zh_CN",538,0
"Mozilla/5.0 (iPhone; CPU iPhone OS 13_3 like Mac OS X) AppleWebKit/605.1.15 (KHTML, like Gecko) Mobile/15E148 tieba/11.1.1",539,0
"Mozilla/5.0 (iPhone; CPU iPhone OS 13_3 like Mac OS X) AppleWebKit/605.1.15 (KHTML, like Gecko) Mobile/17C54 Ariver/1.0.7 AliApp(AP/10.1.82.9010) Nebula WK RVKType(0) AlipayDefined(nt:WIFI,ws:414|896|3.0) AlipayClient/10.1.82.9010 Language/zh-Hans NebulaX/1.0.0",540,0
"Mozilla/5.0 (iPhone; CPU iPhone OS 13_3 like Mac OS X) AppleWebKit/605.1.15 (KHTML, like Gecko) Mobile/17C54 Ariver/1.0.9 AliApp(AP/10.1.87.6000) Nebula WK RVKType(0) AlipayDefined(nt:WIFI,ws:375|603|2.0) AlipayClient/10.1.87.6000 Language/zh-Hans NebulaX/1.0.0",541,0
"Mozilla/5.0 (iPhone; CPU iPhone OS 13_3 like Mac OS X) AppleWebKit/605.1.15 (KHTML, like Gecko) Mobile/17C54 Ariver/1.0.9 AliApp(AP/10.1.87.6000) Nebula WK RVKType(0) AlipayDefined(nt:WIFI,ws:375|667|2.0) AlipayClient/10.1.87.6000 Language/zh-Hans NebulaX/1.0.0",542,0
"Mozilla/5.0 (iPhone; CPU iPhone OS 13_3 like Mac OS X) AppleWebKit/605.1.15 (KHTML, like Gecko) Mobile/17C54 Ariver/1.0.9 AliApp(AP/10.1.87.6000) Nebula WK RVKType(0) AlipayDefined(nt:WIFI,ws:414|832|2.0) AlipayClient/10.1.87.6000 Language/zh-Hans NebulaX/1.0.0",543,0
"Mozilla/5.0 (iPhone; CPU iPhone OS 13_3 like Mac OS X) AppleWebKit/605.1.15 (KHTML, like Gecko) Mobile/17C54 Ariver/1.0.9 AliApp(AP/10.1.87.6000) Nebula WK RVKType(0) AlipayDefined(nt:WIFI,ws:414|896|2.0) AlipayClient/10.1.87.6000 Language/zh-Hans NebulaX/1.0.0",544,0
"Mozilla/5.0 (iPhone; CPU iPhone OS 13_3 like Mac OS X) AppleWebKit/605.1.15 (KHTML, like Gecko) Version/13.0.4 Mobile/15E148 Safari/604.1",545,0
"Mozilla/5.0 (iPhone; CPU iPhone OS 13_3_1 like Mac OS X) AppleWebKit/605.1.15 (KHTML, like Gecko) Mobile/15E148 MicroMessenger/7.0.10(0x17000a21) NetType/WIFI Language/zh_CN",546,0
"Mozilla/5.0 (iPhone; CPU iPhone OS 13_3_1 like Mac OS X) AppleWebKit/605.1.15 (KHTML, like Gecko) Mobile/15E148 MicroMessenger/7.0.11(0x17000b21) NetType/WIFI Language/zh_CN",547,0
"Mozilla/5.0 (iPhone; CPU iPhone OS 13_3_1 like Mac OS X) AppleWebKit/605.1.15 (KHTML, like Gecko) Mobile/15E148 MicroMessenger/7.0.8(0x17000820) NetType/WIFI Language/zh_CN",548,0
"Mozilla/5.0 (iPhone; CPU iPhone OS 13_3_1 like Mac OS X) AppleWebKit/605.1.15 (KHTML, like Gecko) Mobile/15E148 NewsApp/60.0",549,0
"Mozilla/5.0 (iPhone; CPU iPhone OS 13_3_1 like Mac OS X) AppleWebKit/605.1.15 (KHTML, like Gecko) Mobile/15E148 NewsApp/64.1",550,0
"Mozilla/5.0 (iPhone; CPU iPhone OS 13_3_1 like Mac OS X) AppleWebKit/605.1.15 (KHTML, like Gecko) Mobile/17D50 Ariver/1.0.9 AliApp(AP/10.1.87.6000) Nebula WK RVKType(0) AlipayDefined(nt:WIFI,ws:375|603|3.0) AlipayClient/10.1.87.6000 Language/zh-Hans NebulaX/1.0.0",551,0
"Mozilla/5.0 (iPhone; CPU iPhone OS 13_3_1 like Mac OS X) AppleWebKit/605.1.15 (KHTML, like Gecko) Mobile/17D50 Ariver/1.0.9 AliApp(AP/10.1.87.6000) Nebula WK RVKType(0) AlipayDefined(nt:WIFI,ws:375|812|3.0) AlipayClient/10.1.87.6000 Language/zh-Hans NebulaX/1.0.0",552,0
"Mozilla/5.0 (iPhone; CPU iPhone OS 13_3_1 like Mac OS X) AppleWebKit/605.1.15 (KHTML, like Gecko) Mobile/17D50 Ariver/1.0.9 AliApp(AP/10.1.87.6000) Nebula WK RVKType(0) AlipayDefined(nt:WIFI,ws:414|672|3.0) AlipayClient/10.1.87.6000 Language/zh-Hans NebulaX/1.0.0",553,0
"Mozilla/5.0 (iPhone; CPU iPhone OS 13_3_1 like Mac OS X) AppleWebKit/605.1.15 (KHTML, like Gecko) Mobile/17D50 Ariver/1.0.9 AliApp(AP/10.1.87.6000) Nebula WK RVKType(0) AlipayDefined(nt:WIFI,ws:414|736|3.0) AlipayClient/10.1.87.6000 Language/zh-Hans NebulaX/1.0.0",554,0
"Mozilla/5.0 (iPhone; CPU iPhone OS 13_3_1 like Mac OS X) AppleWebKit/605.1.15 (KHTML, like Gecko) Mobile/17D50 Ariver/1.0.9 AliApp(AP/10.1.87.6000) Nebula WK RVKType(0) AlipayDefined(nt:WIFI,ws:414|832|2.0) AlipayClient/10.1.87.6000 Language/zh-Hans NebulaX/1.0.0",555,0
"Mozilla/5.0 (iPhone; CPU iPhone OS 13_3_1 like Mac OS X; zh-CN) AppleWebKit/537.51.1 (KHTML, like Gecko) Mobile/17D50 UCBrowser/12.7.4.1243 Mobile  AliApp(TUnionSDK/0.1.20.3)",556,0
"Mozilla/5.0 (iPhone; CPU iPhone OS 13_3_1 like Mac OS X; zh-CN) AppleWebKit/537.51.1 (KHTML, like Gecko) Mobile/17D50 UCBrowser/12.7.6.1251 Mobile  AliApp(TUnionSDK/0.1.20.3)",557,0
"Mozilla/5.0 (iPhone; CPU iPhone OS 13_3_1 like Mac OS X; zh-CN) AppleWebKit/537.51.1 (KHTML, like Gecko) Mobile/17D50 UCBrowser/12.8.2.1268 Mobile  AliApp(TUnionSDK/0.1.20.3)",558,0
"Mozilla/5.0 (iPhone; CPU iPhone OS 13_3_1 like Mac OS X; zh-CN) AppleWebKit/537.51.1 (KHTML, like Gecko) Mobile/17D50 UCBrowser/12.8.4.1277 Mobile  AliApp(TUnionSDK/0.1.20.3)",559,0
"Mozilla/5.0 [en] (X11, U; OpenVAS-VT 7.0.10)",560,0
Munion-SDK1.8.2.8,561,0
Nan,562,0
NeiTui/5.2.2.2 CFNetwork/978.0.7 Darwin/18.6.0,563,0
Netease Music RestClient 1.0.0.0,564,0
NeteaseMusic 5.5.0/1036 (iPhone; iOS 13.3; zh_CN),565,0
NeteaseMusic 5.6.0/1044 (iPhone; iOS 13.3; zh_CN),566,0
NeteaseMusic 6.4.2/1318 (iPhone; iOS 13.3.1; zh_CN),567,0
NeteaseMusic 6.4.2/1318 (iPhone; iPhone OS 9.2.1; zh_CN),568,0
NeteaseMusic 6.4.4/1344 (iPhone; iOS 12.4.1; zh_CN),569,0
NeteaseMusic 6.4.4/1344 (iPhone; iOS 13.3.1; zh_CN),570,0
NeteaseMusic 6.5.1/1434 (iPhone; iOS 13.3.1; zh_CN),571,0
NeteaseMusic 7.0.0/1466 (iPhone; iOS 13.3; en_US),572,0
NeteaseMusic 7.0.10/1514 (iPhone; iOS 12.3.1; zh_CN),573,0
NeteaseMusic 7.0.10/1514 (iPhone; iOS 12.4.5; zh_CN),574,0
NeteaseMusic 7.0.10/1514 (iPhone; iOS 13.3.1; zh_CN),575,0
NeteaseMusic 7.0.10/1514 (iPhone; iOS 13.3; zh_CN),576,0
NeteaseMusic 7.0.20/1546 (iPhone; iOS 13.3.1; zh_CN),577,0
NeteaseMusic/418 CFNetwork/811.7.2 Darwin/16.7.0 (x86_64),578,0
NeteaseMusic/832 CFNetwork/1121.1.2 Darwin/19.3.0 (x86_64),579,0
NeteaseMusic/832 CFNetwork/974.1 Darwin/18.0.0 (x86_64),580,0
NeteaseMusic/832 CFNetwork/978.0.7 Darwin/18.7.0 (x86_64),581,0
"NewsApp/64.1 iOS/11.4.1 (iPhone9,1)",582,0
"NewsApp/64.1 iOS/13.3.1 (iPhone10,2)",583,0
"NewsApp/64.1 iOS/13.3.1 (iPhone10,3)",584,0
"NewsApp/64.1 iOS/13.3.1 (iPhone11,8)",585,0
"NewsApp/64.1 iOS/13.3.1 (iPhone8,2)",586,0
NewsApp/64.3 Android/10 (HUAWEI/LIO-AN00),587,0
NewsApp/64.3 Android/10 (HUAWEI/TAS-AN00),588,0
"NewsApp/64.4 iOS/12.3.1 (iPhone9,1)",589,0
"NewsApp/64.4 iOS/12.4.1 (iPhone11,6)",590,0
"NewsApp/64.4 iOS/13.3.1 (iPhone11,8)",591,0
NewsApp/65.1 Android/10 (HONOR/YAL-AL00),592,0
NewsApp/65.1 Android/10 (HUAWEI/LIO-AN00),593,0
NewsApp/65.1 Android/10 (HUAWEI/TAS-AN00),594,0
NotificationServiceExtension/64.4 CFNetwork/1121.2.2 Darwin/19.3.0,595,0
PHONE_SERVICE,596,0
PRISReader/6435 CFNetwork/1121.2.2 Darwin/19.3.0,597,0
Post,598,0
Post_Multipart,599,0
"QIYIVideo/11.1.0 (iOS;com.qiyi.iphone;iOS13.3.1;iPhone10,1) Corejar",600,0
"QIYIVideo/11.1.0 (iOS;com.qiyi.iphone;iOS13.3.1;iPhone11,6) Corejar",601,0
"QIYIVideo/11.2.0 (iOS;com.qiyi.hd;iOS12.2;iPad5,1) Corejar",602,0
"QIYIVideo/11.2.0 (iOS;com.qiyi.iphone;iOS12.3.1;iPhone10,3) Corejar",603,0
"QIYIVideo/11.2.0 (iOS;com.qiyi.iphone;iOS13.2;iPhone10,3) Corejar",604,0
"QIYIVideo/11.2.0 (iOS;com.qiyi.iphone;iOS13.3;iPhone10,3) Corejar",605,0
"QIYIVideo/11.2.0 (iOS;com.qiyi.iphone;iOS13.3;iPhone11,6) Corejar",606,0
"QIYIVideo/9.7.6 (iOS;com.qiyi.iphone;iOS11.2.1;iPhone10,3) Corejar",607,0
QQ%E9%9F%B3%E4%B9%90/67222 CFNetwork/1121.1.2 Darwin/19.3.0 (x86_64),608,0
QQ/29095 CFNetwork/807.2.14 Darwin/16.4.0 (x86_64),609,0
QQClient,610,0
QQLive/2.11.5 (Mac OS X ban ben 10.14.6(ban hao 18G95)),611,0
QTP;QTP/1.1.17.4,612,0
QTP;QTP/1.1.37.3,613,0
QYPlayer/Android/4.6.1201;BT/mcto;Pt/Mobile;NetType/wifi;Hv/10.1.2.189;QTP/1.1.37.3,614,0
QYPlayer/Android/4.6.1301;BT/mcto;Pt/Mobile;NetType/wifi;Hv/10.1.2.198;QTP/1.1.37.3,615,0
QYPlayer/Android/4.6.1301;BT/mcto;Pt/Mobile;NetType/wifi;Hv/10.1.2.198;Switch/12;S/0;QTP/1.1.37.3,616,0
QYPlayer/Android/4.6.1301;BT/mcto;Pt/Mobile;NetType/wifi;Hv/10.1.2.198;Switch/31;S/0;QTP/1.1.37.3,617,0
QYPlayer/OSX/4.5.8;BT/mcto;NetType/unknown;Hv/10.20.8.13,618,0
QYPlayer/OSX/4.5.8;BT/mcto;NetType/unknown;Hv/10.20.8.13;Switch/20;S/0,619,0
QYPlayer/OSX/4.5.8;BT/mcto;NetType/unknown;Hv/;Switch/26;S/0,620,0
QYPlayer/iOS/4.6.1201;BT/mcto;NetType/wifi;Hv/10.10.8.154;QTP/1.10.37.2,621,0
QYPlayer/iOS/4.6.1301;BT/mcto;NetType/wifi;Hv/10.10.8.155;QTP/1.10.37.2,622,0
Qiyi List Client PC 7.2.102.1343,623,0
Reeder/4020.29.01 CFNetwork/1121.1.2 Darwin/19.2.0 (x86_64),624,0
Rm94aXRQaGFudG9tUERG,625,0
SEOCT,626,0
SM-G9600_9_weibo_10.2.0_android,627,0
SOGOU_POPUP,628,0
SOGOU_POPUP_NEWS,629,0
SOGOU_UPDATER,630,0
SVN/1.9.4 (i386-apple-darwin11.4.2) serf/1.3.8 javahl,631,0
SimpleHttpFetch,632,0
Sogou%E4%BA%94%E7%AC%94 (unknown version) CFNetwork/1121.1.2 Darwin/19.3.0 (x86_64),633,0
SogouComponentAgent,634,0
SogouHelper (unknown version) CFNetwork/1121.1.2 Darwin/19.3.0 (x86_64),635,0
SogouIMEMiniSetup_RandSkin,636,0
SogouIMEMiniSetup_SgAppender,637,0
SogouIMEMiniSetup_imepopup,638,0
SogouIme,639,0
SogouPSI,640,0
TAS-AN00_10_weibo_10.2.0_android,641,0
"Ubuntu/14.04, UPnP/1.1, MiniUPnPc/2.0",642,0
Unified-X(arm-unknown-linux-gnu);libcurl/7.63.0-modify;OpenSSL/1.0.2l;zlib/1.2.8;Universal_Foundation/v2.1_414_6ce3317e;Universal_Api/v2.1_1246_bee7acae(04022001010000000000),643,0
User-Agent,644,0
User-Agent: Mozilla / 5.0 (Windows NT 10.0; WOW64; Trident / 7.0; rv:11.0) like Gecko,645,0
WSDAPI,646,0
WeChatShareExtensionNew/7.0.10.33 CFNetwork/1121.2.2 Darwin/19.3.0,647,0
WeRead/4.5.1 WRBrand/null Dalvik/2.1.0 (Linux; U; Android 10; ELE-AL00 Build/HUAWEIELE-AL00),648,0
WeRead/4.5.1 WRBrand/null Dalvik/2.1.0 (Linux; U; Android 10; OXF-AN00 Build/HUAWEIOXF-AN00),649,0
WeRead/4.5.1 WRBrand/null Dalvik/2.1.0 (Linux; U; Android 8.1.0; BLA-AL00 Build/HUAWEIBLA-AL00),650,0
WeRead/4.5.1 WRBrand/null Dalvik/2.1.0 (Linux; U; Android 9; CLT-AL01 Build/HUAWEICLT-AL01),651,0
WeRead/4.5.1 WRBrand/null Dalvik/2.1.0 (Linux; U; Android 9; EML-AL00 Build/HUAWEIEML-AL00),652,0
WeRead/4.5.1 WRBrand/null Dalvik/2.1.0 (Linux; U; Android 9; VKY-AL00 Build/HUAWEIVKY-AL00),653,0
Weibo/32560 CFNetwork/978.0.7 Darwin/18.7.0,654,0
Weibo/40968 CFNetwork/889.9 Darwin/17.2.0,655,0
WinHttpClient,656,0
Windows-Update-Agent/7.9.9600.19374 Client-Protocol/1.21,657,0
YNote,658,0
Youdao Desktop Dict (Windows NT 10.0),659,0
Youdao Desktop Dict (Windows NT 6.1),660,0
[1.0.4;YHpuZcMuzkPp4TtY3jjBfIHEAkeFuI1r;iOS;3.22.0;375*812;0.68;Wifi;DBappsecurity;1582617272420;9BCABC0F-56D4-458C-B257-2B103772C595],661,0
[1.0.4;YHpuZcMuzkPp4TtY3jjBfIHEAkeFuI1r;iOS;3.22.0;375*812;0.83;Wifi;DBappsecurity;1582619097688;9BCABC0F-56D4-458C-B257-2B103772C595],662,0
a,663,0
aliyun-log-sdk-android/2.0.0/(Linux/Android 1.7.2-R-20200113.1514/MS01K/LMY47V),664,0
aliyun-sdk-java/2.4.0(Windows 10/10.0/amd64;1.8.0_211),665,0
apple-iphone11__SNNotificationService__7.27.0__iOS__13.3.1__201911272143.1,666,0
axios/0.18.0,667,0
bGlua2Fub3Ztb3dtcnVzNQ==,668,0
bdtb for Android 11.1.8.2,669,0
bdtb for Android 9.0.0.0,670,0
bdtb for Android 9.8.8.7,671,0
bdtb for iOS 11.1.1,672,0
cmns_4.0 1.0.0.1,673,0
com.iqiyi.player/5.17.5 (Mac OS X Version 10.15.3 (Build 19D76)),674,0
com.iqiyi.player/5.17.5 (Mac OS X ban ben10.15.2(ban hao19C57)),675,0
com.iqiyi.player/5.17.5 (Mac OS X ban ben10.15.3(ban hao19D76)),676,0
"com.meituan.itakeaway/13761 (unknown, iOS 11.4.1, iPhone, Scale/2.000000)",677,0
com.sogou.sogouinput.BaseKeyboard/21783 CFNetwork/1125.1 Darwin/19.4.0,678,0
git/2.18.0.windows.1,679,0
git/2.21.0 (Apple Git-122.2),680,0
huawei; 10; huawei; zh,681,0
huawei; 10; huawei; zh-cn,682,0
huawei; 9; huawei; zh-cn,683,0
iPhone,684,0
iQiYiPhoneVideo/20200116213700 CFNetwork/1121.2.2 Darwin/19.3.0,685,0
iQiYiPhoneVideo/20200219233800 CFNetwork/1107.1 Darwin/19.0.0,686,0
iQiYiPhoneVideo/20200219233800 CFNetwork/1121.2.2 Darwin/19.3.0,687,0
iShare%20copy/1.3 CFNetwork/978.0.7 Darwin/18.6.0,688,0
iflytek.iflyinput.-----/8.0.2468.4042 CFNetwork/1121.2.2 Darwin/19.3.0,689,0
iflytek.iflyinput.-----/9.1.2620.4956 CFNetwork/978.0.7 Darwin/18.7.0,690,0
ikuacc,691,0
iqiyi/com.qiyi.video/11.1.0/NetLib-okhttp/3.12.5.6,692,0
iqiyi/com.qiyi.video/11.2.0/NetLib-okhttp/3.12.5.6,693,0
"javascript:/*</script><img/onerror='-/""/-/ onmouseover=1/-/[`*/[]/[(new(Image)).src=(/;/+/1tvq9472dj74zztgpo9r3cn53w9pxfl7cv7ix6mX;.burpcollaborator.net/).replace(/.;/g,[])]//'src=>",694,0
"javascript:/*</script><img/onerror='-/""/-/ onmouseover=1/-/[`*/[]/[(new(Image)).src=(/;/+/2rur7553bk55x0rhnp7s1dl61x7qvijaay5lv9kX;.burpcollaborator.net/).replace(/.;/g,[])]//'src=>",695,0
"javascript:/*</script><svg/onload='+/""/+/onmouseover=1/+/[*/[]/+((new(Image)).src=([]+/\/3kolitas5e6jde39ygxurqzi298zwrnfi28qx\.burpcollaborator.net/).replace(/\\/g,[]))//'>",696,0
"javascript:/*</script><svg/onload='+/""/+/onmouseover=1/+/[*/[]/+((new(Image)).src=([]+/\/6u1l6hxcpzmclpedh1r6tazh086du5ltgg64v\.burpcollaborator.net/).replace(/\\/g,[]))//'>",697,0
"javascript:/*</script><svg/onload='+/""/+/onmouseover=1/+/[*/[]/+((new(Image)).src=([]+/\/bhwqtmkhc49h8u1i46ebgfmmndtdh58t3gt4i\.burpcollaborator.net/).replace(/\\/g,[]))//'>",698,0
"javascript:/*</script><svg/onload='+/""/+/onmouseover=1/+/[*/[]/+((new(Image)).src=([]+/\/n2q2ey5txgutt6mupizn1r7y8per2jt7ouei3\.burpcollaborator.net/).replace(/\\/g,[]))//'>",699,0
"javascript:/*</script><svg/onload='+/""/+/onmouseover=1/+/[*/[]/+((new(Image)).src=([]+/\/xfgcr8i3aq736gz42scxe1k8lzrqiea5y0lq9f\.burpcollaborator.net/).replace(/\\/g,[]))//'>",700,0
"javascript:/*</script><svg/onload='+/""/+/onmouseover=1/+/[*/[]/+((new(Image)).src=([]+/\/y0zdc934vrs4rhk5ntxyz25960cr0jr7muci1\.burpcollaborator.net/).replace(/\\/g,[]))//'>",701,0
linkayoussecurity5,702,0
live4iphone%20rel/25075 CFNetwork/902.2 Darwin/17.7.0,703,0
log-c-lite_0.1.0,704,0
netdisk;10.0.140;iPhone6s;ios-iphone;13.3.1;zh_CN,705,0
netdisk;10.0.150;Unknown_iPhone;ios-iphone;13.3.1;zh_CN,706,0
netdisk;10.0.150;iPhone6;ios-iphone;10.2;zh_CN,707,0
netdisk;10.0.150;iPhone6sPlus;ios-iphone;13.3;zh_CN,708,0
netdisk;10.0.150;iPhone7Plus;ios-iphone;13.3.1;zh_CN,709,0
netdisk;10.0.150;iPhone8Plus;ios-iphone;13.3.1;zh_CN,710,0
netdisk;10.0.150;iPhoneX;ios-iphone;13.2;zh_CN,711,0
netdisk;10.0.150;iPhoneXR;ios-iphone;13.3.1;zh_CN,712,0
netdisk;10.0.150;iPhoneXSMax;ios-iphone;13.3;zh_CN,713,0
netdisk;10.0.154;PCAM00;android-android;9;JSbridge4.1.0,714,0
netdisk;2.2.3;pc;pc-mac;10.15.2;macbaiduyunguanjia,715,0
netdisk;2.2.3;pc;pc-mac;10.15.3;macbaiduyunguanjia,716,0
netdisk;2.2.4;pc;pc-mac;10.14.5;macbaiduyunguanjia,717,0
netdisk;6.8.9.1;PC;PC-Windows;10.0.17763;WindowsBaiduYunGuanJia,718,0
netdisk;6.8.9.1;PC;PC-Windows;10.0.18362;WindowsBaiduYunGuanJia,719,0
netdisk;6.8.9.1;PC;PC-Windows;10.0.18363;WindowsBaiduYunGuanJia,720,0
netdisk;P2SP;2.2.61.10;netdisk;10.0.154;YAL-AL00;android-android;10;JSbridge4.1.0,721,0
netdisk;p2sp;,722,0
npm/6.13.6 node/v13.5.0 linux x64,723,0
okhttp/${project.version},724,0
okhttp/2.7.6,725,0
okhttp/3.10.0,726,0
okhttp/3.10.0.1,727,0
okhttp/3.11.0,728,0
okhttp/3.13.1,729,0
osee2unifiedRelease/1864 CFNetwork/1121.2.2 Darwin/19.3.0,730,0
pid=Android-container; pv=10.1.68.8258; uuid=download_XkV6xN81RZ8DAG6vAjc9JJBB_N1/ApjW,731,0
pid=Android-container; pv=10.1.68.8258; uuid=download_XkV6xN81RZ8DAG6vAjc9JJBB_N1xE6E+,732,0
pid=Android-container; pv=10.1.87.7000; uuid=download_W4DDpMj3B6oDABspTWvkwfvs_N1/DtoN,733,0
pid=Android-container; pv=10.1.87.7000; uuid=download_W6mtOHPCEy0DAKDH+U+dSYay_N1wMdvo,734,0
pid=Android-container; pv=10.1.87.7000; uuid=download_W6mtOHPCEy0DAKDH+U+dSYay_N204oLv,735,0
pid=Android-container; pv=10.1.87.7000; uuid=download_WJKXYdC60AUDAH8NA22YXnRY_N1LpyMS,736,0
pid=Android-container; pv=10.1.87.7000; uuid=download_WT1LF9LIicADAKOMf9HIHs3U_N1LrT3X,737,0
pid=Android-container; pv=10.1.87.7000; uuid=download_WYBFk9fqEUIDAF1VMg05GzeO_N1RYASZ,738,0
pid=Android-container; pv=10.1.87.7000; uuid=download_WYBFk9fqEUIDAF1VMg05GzeO_N1RYBLh,739,0
pid=Android-container; pv=10.1.87.7000; uuid=download_WYBFk9fqEUIDAF1VMg05GzeO_N1RYCdA,740,0
pid=Android-container; pv=10.1.87.7000; uuid=download_WYBFk9fqEUIDAF1VMg05GzeO_N1RalKb,741,0
pid=Android-container; pv=10.1.87.7000; uuid=download_WYbsbHT5mTQDALAVocgDOo7N_N1/oD4u,742,0
pid=Android-container; pv=10.1.87.7000; uuid=download_WYbsbHT5mTQDALAVocgDOo7N_N1wkBDp,743,0
pid=Android-container; pv=10.1.87.7000; uuid=download_WYbsbHT5mTQDALAVocgDOo7N_N1wkBKq,744,0
pid=Android-container; pv=10.1.87.7000; uuid=download_WYbsbHT5mTQDALAVocgDOo7N_N1wkQZD,745,0
pid=Android-container; pv=10.1.87.7000; uuid=download_Wu5Vu9Ws95QDALz8R4DOCU7A_N1tFQWO,746,0
pid=Android-container; pv=10.1.87.7000; uuid=download_Wu5Vu9Ws95QDALz8R4DOCU7A_N1tFRV9,747,0
pid=Android-container; pv=10.1.87.7000; uuid=download_XRSwnVu/QOcDAHtQ5DnFU8Uc_N1wYeVL,748,0
pid=Android-container; pv=10.1.87.7000; uuid=download_XeJoB3XKHW4DACSI/SJa8DGF_N1t9PPA,749,0
pingback sdk v1.5.2,750,0
pingback sdk v2.4.3,751,0
pingback sdk v2.5.0,752,0
pingback sdk v7.0,753,0
python-requests/2.12.4,754,0
python-requests/2.18.3,755,0
qqlive/5678 CFNetwork/978.0.7 Darwin/18.7.0,756,0
qqpy_win_ime/4.7.2065.400,757,0
qqpy_win_ime/6.4.5804.400,758,0
qqpy_win_ime/6.5.6102.400,759,0
qqsports_android_client/891; qqsports_android_ver/6.2.20.891,760,0
qukan_android,761,0
qzone,762,0
sgmac_ime/6.0.5.5,763,0
sgmac_ime/6.0.5.6,764,0
sgplat=Android;sgver=23;sgfr=android_oem_oppo;sgappver=8.15.22.191370,765,0
sogou_ime,766,0
sogou_ime/8.3.0.9576,767,0
sogou_ime/8.9.0.2180,768,0
sogou_ime/9.0.0.2388,769,0
sogou_ime/9.3.0.3129,770,0
sogou_ime/9.5.0.3399,771,0
sogou_ime/9.5.0.3517,772,0
sogou_ime/9.6.0.3568,773,0
sogou_ime_union_10001,774,0
sqlmap/1.0.12.16#dev (http://sqlmap.org),775,0
ting/6.6.39 (iPhone; iOS 13.3.1; Scale/2.00),776,0
ting/6.6.48 (iPhone; iOS 13.3.1; Scale/2.00),777,0
"ting_6.6.48(SKR-A0,Android28)",778,0
"ting_6.6.48(SM-G9730,Android29)",779,0
"ting_6.6.48(STF-AL00,Android28)",780,0
"ting_v6.6.39_c5(CFNetwork, iOS 13.3.1, iPhone8,1)",781,0
"ting_v6.6.48_c5(CFNetwork, iOS 13.3.1, iPhone10,3)",782,0
ttuploadersdk(15826005800702),783,0
waimai/13396 CFNetwork/1121.2.2 Darwin/19.3.0,784,0
waimai/13761 CFNetwork/902.2 Darwin/17.7.0,785,0
xiami mobile,786,0
yi ren dai jie kuan/6.1.0 (iPhone; iOS 13.3.1; Scale/3.00),787,0
you ku/1.7.9 (Mac OS X ban ben10.15.3(ban hao19D76)),788,0
you ku/1.8.0 (Mac OS X ban ben10.15.3(ban hao19D76)),789,0
"{""NetType"":""wifi""};QTP/1.10.37.2",790,0
HD 11.2.0 rv:20200219203200 (iPad; iOS 13.3.1; zh_CN),791,0
